Ability Capsule,Medicine,A capsule that allows a Pokemon with two Abilities to switch between these Abilities when it is used.,1,,,,,
Ability Urge,Battle items,"When used, it activates the Ability of an ally Pokemon.",2,,,,,
Abomasite,Hold items,Enables Abomasnow to Mega Evolve during battle.,3,,,,,
Absolite,Hold items,Enables Absol to Mega Evolve during battle.,4,,,,,
Absorb Bulb,Hold items,"A consumable bulb. If the holder is hit by a Water-type move, its Sp. Atk will rise.",5,,,,,
Adamant Orb,Hold items,Increases the power of Dragon and Steel-type moves when held by Dialga.,6,,,,,
Adventure Rules,Selling Items,This book contains all the points a new Trainer needs to know on a journey. It was handmade by a kind friend.,7,,,,,
Aerodactylite,Hold items,Enables Aerodactyl to Mega Evolve during battle.,8,,,,,
Aggronite,Hold items,Enables Aggron to Mega Evolve during battle.,9,,,,,
Aguav Berry,Berries,"Restores HP if it's low, but may cause confusion.",10,,,,,
Air Balloon,Hold items,"When held by a Pokemon, the Pokemon will float into the air. When the holder is attacked, this item will burst.",11,,,,,
Alakazite,Hold items,Enables Alakazam to Mega Evolve during battle.,12,,,,,
Ampharosite,Hold items,Enables Ampharos to Mega Evolve during battle.,13,,,,,
Amulet Coin,Hold items,An item to be held by a Pokemon. It doubles a battle's prize money if the holding Pokemon joins in.,14,,,,,
Antidote,Medicine,A spray-type medicine. It lifts the effect of poison from one Pokemon.,15,,,,,
Apicot Berry,Berries,Raises Special Defense when HP is low.,16,,,,,
Armor Fossil,General items,A fossil from a prehistoric Pokemon that lived on the land. It appears to be part of a collar.,17,,,,,
Aspear Berry,Berries,"If held by a Pokemon, it defrosts it.",18,,,,,
Awakening,Medicine,A spray-type medicine. It awakens a Pokemon from the clutches of sleep.,19,,,,,
Babiri Berry,Berries,Weakens a supereffective Steel-type attack against the holding Pokemon.,20,,,,,
BalmMushroom,General items,A rare mushroom which gives off a nice fragrance. A maniac will buy it for a high price.,21,,,,,
Banettite,Hold items,Enables Banette to Mega Evolve during battle.,22,,,,,
Belue Berry,Berries,A Berry which is very rare in the Unova region. A maniac will buy it for a high price.,23,,,,,
Berry Juice,Medicine,A 100% pure juice made of Berries. It restores the HP of one Pokemon by just 20 points.,24,,,,,
Big Mushroom,General items,A large and rare mushroom. It is sought after by collectors.,25,,,,,
Big Nugget,General items,A big nugget of pure gold that gives off a lustrous gleam. A maniac will buy it for a high price.,26,,,,,
Big Pearl,General items,A quite-large pearl that sparkles in a pretty silver color. It can be sold at a high price to shops.,27,,,,,
Big Root,Hold items,Recovers more HP from HP-stealing moves.,28,,,,,
Binding Band,Hold items,A band that increases the power of binding moves when held.,29,,,,,
Black Belt,Hold items,Increases the power of Fighting-type moves.,30,,,,,
Black Flute,General items,A toy flute made from black glass. A maniac will buy it for a high price.,31,,,,,
Black Sludge,Hold items,A held item that gradually restores the HP of Poison-type Pokemon. It inflicts damage on all other types.,32,,,,,
Black Glasses,Hold items,Increases the power of Dark-type moves.,33,,,,,
Blastoisinite,Hold items,Enables Blastoise to Mega Evolve during battle.,34,,,,,
Blazikenite,Hold items,Enables Blaziken to Mega Evolve during battle.,35,,,,,
Blk Apricorn,General items,A black Apricorn It has an indescribable scent.,36,,,,,
Blu Apricorn,General items,A blue Apricorn. It smells a bit like grass.,37,,,,,
Blue Flute,General items,A toy flute made from blue glass. A maniac will buy it for a high price.,38,,,,,
Blue Scarf,General items,Raises holder's Beauty aspect in a Contest.,39,,,,,
Blue Shard,General items,A small blue shard. It appears to be from some sort of implement made long ago.,40,,,,,
Bluk Berry,Berries,A Berry which is very rare in the Unova region. A maniac will buy it for a high price.,41,,,,,
BrightPowder,Hold items,Lowers the opponent's accuracy.,42,,,,,
Bug Gem,Hold items,Increases the power of a Bug-type move only once.,43,,,,,
Burn Drive,Hold items,Changes Techno Blast to a Fire-type move when held by Genesect.,44,,,,,
Burn Heal,Medicine,A spray-type medicine. It heals a single Pokemon that is suffering from a burn.,45,,,,,
Calcium,Medicine,A nutritious drink for Pokemon. It raises the base Sp. Atk (Special Attack) stat of a single Pokemon.,46,,,,,
Carbos,Medicine,A nutritious drink for Pokemon. It raises the base Speed stat of a single Pokemon.,47,,,,,
Casteliacone,Medicine,"Castelia City's specialty, soft-serve ice cream. It heals all the status problems of a single Pokemon.",48,,,,,
Cell Battery,Hold items,"A consumable battery. If the holder is hit by an Electric-type move, its Attack will rise.",49,,,,,
Charcoal,Hold items,Increases the power of Fire-type moves.,50,,,,,
Charizardite X,Hold items,Enables Charizard to Mega Evolve during battle.,51,,,,,
Charizardite Y,Hold items,Enables Charizard to Mega Evolve during battle.,52,,,,,
Charti Berry,Berries,Weakens a supereffective Rock-type attack against the holding Pokemon.,53,,,,,
Cheri Berry,Berries,"If held by a Pokemon, it recovers from paralysis.",54,,,,,
Cherish Ball,Pokeballs,A quite rare Poke Ball that has been specially crafted to commemorate an occasion of some sort.,55,,,,,
Chesto Berry,Berries,"If held by a Pokemon, it recovers from sleep.",56,,,,,
Chilan Berry,Berries,Weakens a Normal-type attack against the Pokemon holding this berry.,57,,,,,
Chill Drive,Hold items,Changes Techno Blast to an Ice-type move when held by Genesect.,58,,,,,
Choice Band,Hold items,"Raises Attack, but only one move can be used.",59,,,,,
Choice Scarf,Hold items,"Raises Speed, but only one move can be used.",60,,,,,
Choice Specs,Hold items,"Raises Special Attack, but only one move can be used.",61,,,,,
Chople Berry,Berries,Weakens a supereffective Fighting-type attack against the holding Pokemon.,62,,,,,
Claw Fossil,General items,A fossil of an ancient Pokemon that lived in the sea. It appears to be part of a claw.,63,,,,,
Cleanse Tag,Hold items,An item to be held by a Pokemon. It helps keep wild Pokemon away if the holder is the first one in the party.,64,,,,,
Clever Wing,Medicine,Increases Special Defense EVs by 1.,65,,,,,
Coba Berry,Berries,Weakens a supereffective Flying-type attack against the holding Pokemon.,66,,,,,
Colbur Berry,Berries,Weakens a supereffective Dark-type attack against the holding Pokemon.,67,,,,,
Colress Machine,Hold items,A special device that wrings out the potential of Pokemon. It is an imperfect prototype.,68,,,,,
Comet Shard,General items,A shard which fell to the ground when a comet approached. A maniac will buy it for a high price.,69,,,,,
Cornn Berry,Berries,A Berry which is very rare in the Unova region. A maniac will buy it for a high price.,70,,,,,
Cover Fossil,General items,A fossil of an ancient Pokemon that lived in the sea in ancient times. It appears to be part of its back.,71,,,,,
Custap Berry,Berries,Holder can move first when HP is low.,72,,,,,
Damp Mulch,General items,A fertilizer to be spread on soft soil in regions where Berries are grown. A maniac will buy it for a high price.,73,,,,,
Damp Rock,Hold items,A Pokemon held item that extends the duration of the move Rain Dance used by the holder.,74,,,,,
Dark Gem,Hold items,Increases the power of a Dark-type move only once.,75,,,,,
Dawn Stone,General items,A peculiar stone that makes certain species of Pokemon evolve. It sparkles like eyes.,76,,,,,
DeepSeaScale,Hold items,Increases Special Defense when held by Clamperl.,77,,,,,
DeepSeaTooth,Hold items,Increases Special Attack when held by Clamperl.,78,,,,,
Destiny Knot,Hold items,"A long, thin, bright-red string to be held by a Pokemon. If the holder becomes infatuated, the foe does too.",79,,,,,
Dire Hit,Battle items,Raises critical-hit ratio of a Pokemon in battle.,80,,,,,
Dire Hit 2,Battle items,It can be used many times to raise the critical-hit ratio of one Pokemon. It wears off if the Pokemon is withdrawn.,81,,,,,
Dire Hit 3,Battle items,It can be used many times to greatly raise a Pokemon's critical-hit ratio. It wears off if the Pokemon is withdrawn.,82,,,,,
Dive Ball,Pokeballs,A somewhat different Poke Ball that works especially well on Pokemon that live underwater.,83,,,,,
DNA Splicers,Selling Items,A splicer that fuses Kyurem and a certain Pokemon. They are said to have been one in the beginning.,84,,,,,
Dome Fossil,General items,A fossil of an ancient Pokemon that lived in the sea. It appears to be part of a shell.,85,,,,,
Douse Drive,Hold items,Changes Techno Blast to a Water-type move when held by Genesect.,86,,,,,
Draco Plate,Hold items,Increases power of Dragon-type moves. Changes Arceus' type to Dragon.,87,,,,,
Dragon Fang,Hold items,Increases the power of Dragon-type moves.,88,,,,,
Dragon Gem,Hold items,Increases the power of a Dragon-type move only once.,89,,,,,
Dragon Scale,General items,A thick and tough scale. Dragon-type Pokemon may be holding this item when caught.,90,,,,,
Dread Plate,Hold items,Increases power of Dark-type moves. Changes Arceus' type to Dark.,91,,,,,
Dream Ball,Pokeballs,A special Poke Ball that appears out of nowhere in a bag at the Entree Forest. It can catch any Pokemon.,92,,,,,
Dropped Item,Selling Items,The Xtransceiver found at the Nimbasa City amusement park. It seems it belongs to a boy.,93,,,,,
Dubious Disc,General items,A transparent device overflowing with dubious data. Its producer is unknown.,94,,,,,
Durin Berry,Berries,A Berry which is very rare in the Unova region. A maniac will buy it for a high price.,95,,,,,
Dusk Ball,Pokeballs,A somewhat different Poke Ball that makes it easier to catch wild Pokemon at night or in dark places like caves.,96,,,,,
Dusk Stone,General items,A peculiar stone that makes certain species of Pokemon evolve. It is as dark as dark can be.,97,,,,,
Earth Plate,Hold items,Increases power of Ground-type moves. Changes Arceus' type to Ground.,98,,,,,
Eject Button,Hold items,"If the holder is hit by an attack, it will switch with another Pokemon in your party.",99,,,,,
Electirizer,General items,A box packed with a tremendous amount of electric energy. It is loved by a certain Pokemon.,100,,,,,
Electric Gem,Hold items,Increases the power of an Electric-type move only once.,101,,,,,
Elevator Key,Hold items,A card key that activates the elevator in Lysandre Labs. It is emblazoned with Team Flare's logo.,102,,,,,
Elixir,Medicine,It restores the PP of all the moves learned by the targeted Pokemon by 10 points each.,103,,,,,
Energy Root,Medicine,A very bitter root. It restores the HP of one Pokemon by 200 points.,104,,,,,
Energy Powder,Medicine,A very bitter medicine powder. It restores the HP of one Pokemon by 50 points.,105,,,,,
Enigma Berry,Berries,"If held by a Pokemon, it restores its HP if it is hit by any supereffective attack.",106,,,,,
Escape Rope,General items,"A long, durable rope. Use it to escape instantly from a cave or a dungeon.",107,,,,,
Ether,Medicine,It restores the PP of a Pokemon's selected move by a maximum of 10 points.,108,,,,,
Everstone,Hold items,An item to be held by a Pokemon. The Pokemon holding this peculiar stone is prevented from evolving.,109,,,,,
Eviolite,Hold items,"A mysterious evolutionary lump. When held, it raises the Defense and Sp. Def of a Pokemon that can still evolve.",110,,,,,
Exp. Share,Hold items,An item to be held by a Pokemon. The holder gets a share of a battle's Exp. Points without battling.,111,,,,,
Expert Belt,Hold items,Increases the power of super-effective moves.,112,,,,,
Fairy Gem,General items,Increases the power of a Fairy-type move only once.,113,,,,,
Fast Ball,Pokeballs,A Poke Ball that makes it easier to catch Pokemon which are quick to run away.,114,,,,,
Fighting Gem,Hold items,Increases the power of a Fighting-type move only once.,115,,,,,
Figy Berry,Berries,"Restores HP if it's low, but may cause confusion.",116,,,,,
Fire Gem,Hold items,Increases the power of a Fire-type move only once.,117,,,,,
Fire Stone,General items,A peculiar stone that makes certain species of Pokemon evolve. It is colored orange.,118,,,,,
Fist Plate,Hold items,Increases power of Fighting-type moves. Changes Arceus' type to Fighting.,119,,,,,
Flame Orb,Hold items,An item to be held by a Pokemon. It is a bizarre orb that inflicts a burn on the holder in battle.,120,,,,,
Flame Plate,Hold items,Increases power of Fire-type moves. Changes Arceus' type to Fire.,121,,,,,
Float Stone,Hold items,A very light stone. It reduces the weight of a Pokemon when held.,122,,,,,
Fluffy Tail,General items,An item that attracts Pokemon. Use it to flee from any battle with a wild Pokemon.,123,,,,,
Flying Gem,Hold items,Increases the power of a Flying-type move only once.,124,,,,,
Focus Band,Hold items,"An item to be held by a Pokemon. The holder may endure a potential KO attack, leaving it with just 1 HP.",125,,,,,
Focus Sash,Hold items,"An item to be held by a Pokemon. If it has full HP, the holder will endure one potential KO attack, leaving 1 HP.",126,,,,,
Fresh Water,Medicine,Water with a high mineral content. It restores the HP of one Pokemon by 50 points.,127,,,,,
Friend Ball,Pokeballs,A Poke Ball that makes caught Pokemon more friendly.,128,,,,,
Full Heal,Medicine,A spray-type medicine. It heals all the status problems of a single Pokemon.,129,,,,,
Full Incense,Hold items,An item to be held by a Pokemon. It is an exotic-smelling incense that makes the holder bloated and slow moving.,130,,,,,
Full Restore,Medicine,A medicine that fully restores the HP and heals any status problems of a single Pokemon.,131,,,,,
Ganlon Berry,Berries,Raises Defense when HP is low.,132,,,,,
Garchompite,Hold items,Enables Garchomp to Mega Evolve during battle.,133,,,,,
Gardevoirite,Hold items,Enables Gardevoir to Mega Evolve during battle.,134,,,,,
Gengarite,Hold items,Enables Gengar to Mega Evolve during battle.,135,,,,,
Genius Wing,Medicine,Increases Special Attack EVs by 1.,136,,,,,
Ghost Gem,Hold items,Increases the power of a Ghost-type move only once.,137,,,,,
Gooey Mulch,General items,A fertilizer to be spread on soft soil in regions where Berries are grown. A maniac will buy it for a high price.,138,,,,,
Grass Gem,Hold items,Increases the power of a Grass-type move only once.,139,,,,,
Great Ball,Pokeballs,"A good, high-performance Ball that provides a higher Pokemon catch rate than a standard Poke Ball.",140,,,,,
Green Scarf,General items,Raises holder's Smart aspect in a Contest.,141,,,,,
Green Shard,General items,A small green shard. It appears to be from some sort of implement made long ago.,142,,,,,
Grepa Berry,Berries,"Using it on a Pokemon makes it more friendly, but it also lowers its base Sp. Def stat.",143,,,,,
Grip Claw,Hold items,A Pokemon held item that extends the duration of multiturn attacks like Bind and Wrap.,144,,,,,
Griseous Orb,Hold items,"Increases the power of Dragon- and Ghost-type moves when held by Giratina, and changes it to Origin Forme.",145,,,,,
Grn Apricorn,General items,"A green Apricorn. It has a mysterious, aromatic scent.",146,,,,,
Ground Gem,Hold items,Increases the power of a Ground-type move only once.,147,,,,,
Growth Mulch,General items,A fertilizer to be spread on soft soil in regions where Berries are grown. A maniac will buy it for a high price.,148,,,,,
Grubby Hanky,Hold items,A handkerchief dropped by a regular at Caf   Warehouse. It smells faintly like a Pokemon.,149,,,,,
Guard Spec.,Battle items,Prevents stat reduction for five turns.,150,,,,,
Gyaradosite,Hold items,Enables Gyarados to Mega Evolve during battle.,151,,,,,
Haban Berry,Berries,Weakens a supereffective Dragon-type attack against the holding Pokemon.,152,,,,,
Hard Stone,Hold items,Increases the power of Rock-type moves.,153,,,,,
Heal Ball,Pokeballs,A remedial Poke Ball that restores the caught Pokemon's HP and eliminates any status problem.,154,,,,,
Heal Powder,Medicine,A very bitter medicine powder. It heals all the status problems of a single Pokemon.,155,,,,,
Health Wing,Medicine,Increases HP EVs by 1.,156,,,,,
Heart Scale,General items,"A pretty, heart-shaped scale that is extremely rare. It glows faintly in the colors of the rainbow.",157,,,,,
Heat Rock,Hold items,A Pokemon held item that extends the duration of the move Sunny Day used by the holder.,158,,,,,
Heavy Ball,Pokeballs,A Poke Ball for catching very heavy Pokemon.,159,,,,,
Helix Fossil,General items,A fossil of an ancient Pokemon that lived in the sea. It appears to be part of a seashell.,160,,,,,
Heracronite,Hold items,Enables Heracross to Mega Evolve during battle.,161,,,,,
HM01,Machines,Teaches the move Cut.,162,,,,,
HM02,Machines,Teaches the move Fly.,163,,,,,
HM03,Machines,Teaches the move Surf.,164,,,,,
HM04,Machines,Teaches the move Strength.,165,,,,,
HM05,Machines,Teaches the move Flash/Defog/Whirlpool/Waterfall.,166,,,,,
HM06,Machines,Teaches the move Whirlpool/Rock Smash/Dive.,167,,,,,
HM07,Machines,Teaches the move Waterfall.,168,,,,,
HM08,Machines,Teaches the move Dive/Rock Climb.,169,,,,,
Holo Caster,Selling Items,A device that allows users to receive and view hologram clips at any time. It is also used to chat with others.,170,,,,,
Hondew Berry,Berries,"Using it on a Pokemon makes it more friendly, but it also lowers its base Sp. Atk stat.",171,,,,,
Honey,General items,"A sweet honey with a lush aroma that attracts wild Pokemon when it is used in grass, caves, or on special trees.",172,,,,,
Honor Of Kalos,Selling Items,A precious symbol that is awarded only to an individual who has done great things for the Kalos region.,173,,,,,
Houndoominite,Hold items,Enables Houndoom to Mega Evolve during battle.,174,,,,,
HP Up,Medicine,A nutritious drink for Pokemon. It raises the base HP of a single Pokemon.,175,,,,,
Hyper Potion,Medicine,A spray-type medicine for wounds. It restores the HP of one Pokemon by 200 points.,176,,,,,
Iapapa Berry,Berries,"Restores HP if it's low, but may cause confusion.",177,,,,,
Ice Gem,Hold items,Increases the power of an Ice-type move only once.,178,,,,,
Ice Heal,Medicine,A spray-type medicine. It defrosts a Pokemon that has been frozen solid.,179,,,,,
Icicle Plate,Hold items,Increases power of Ice-type moves. Changes Arceus' type to Ice.,180,,,,,
Icy Rock,Hold items,A Pokemon held item that extends the duration of the move Hail used by the holder.,181,,,,,
Insect Plate,Hold items,Increases power of Bug-type moves. Changes Arceus' type to Bug.,182,,,,,
Intriguing Stone,Hold items,A rather curious stone that might appear to be valuable to some. It's all in the eye of the beholder.,183,,,,,
Iron,Medicine,A nutritious drink for Pokemon. It raises the base Defense stat of a single Pokemon.,184,,,,,
Iron Ball,Hold items,A Pokemon held item that cuts Speed. It makes Flying-type and levitating holders susceptible to Ground moves.,185,,,,,
Iron Plate,Hold items,Increases power of Steel-type moves. Changes Arceus' type to Steel.,186,,,,,
Item Drop,Battle items,"When used, it causes an ally Pokemon to drop a held item.",187,,,,,
Item Urge,Battle items,"When used, it causes an ally Pokemon to use its held item.",188,,,,,
Jaboca Berry,Berries,"If held by a Pokemon and a physical attack lands, the attacker also takes damage.",189,,,,,
Kangaskhanite,Hold items,Enables Kangaskhan to Mega Evolve during battle.,190,,,,,
Kasib Berry,Berries,Weakens a supereffective Ghost-type attack against the holding Pokemon.,191,,,,,
Kebia Berry,Berries,Weakens a supereffective Poison-type attack against the holding Pokemon.,192,,,,,
Kelpsy Berry,Berries,"Using it on a Pokemon makes it more friendly, but it also lowers its base Attack stat.",193,,,,,
King's Rock,Hold items,"An item to be held by a Pokemon. When the holder inflicts damage, the target may flinch.",194,,,,,
Lagging Tail,Hold items,An item to be held by a Pokemon. It is tremendously heavy and makes the holder move slower than usual.,195,,,,,
Lansat Berry,Berries,Increases critical-hit ratio when HP is low.,196,,,,,
Lava Cookie,Medicine,LAVARIDGE TOWN's local specialty. It heals all the status problems of one Pokemon.,197,,,,,
Lax Incense,Hold items,An item to be held by a Pokemon. The tricky aroma of this incense may make attacks miss the holder.,198,,,,,
Leaf Stone,General items,A peculiar stone that makes certain species of Pokemon evolve. It has a leaf pattern.,199,,,,,
Leftovers,Hold items,An item to be held by a Pokemon. The holder's HP is gradually restored during battle.,200,,,,,
Lemonade,Medicine,A very sweet drink. It restores the HP of one Pokemon by 80 points.,201,,,,,
Lens Case,General items,A rather chic-looking case for carrying contact lenses.,202,,,,,
Leppa Berry,Berries,"If held by a Pokemon, it restores a move's PP by 10.",203,,,,,
Level Ball,Pokeballs,A Poke Ball for catching Pokemon that are a lower level than your own.,204,,,,,
Liechi Berry,Berries,Raises Attack when HP is low.,205,,,,,
Life Orb,Hold items,"Increases the power of moves, but loses HP each turn.",206,,,,,
Light Ball,Hold items,An item to be held by PIKACHU. It is a puzzling orb that raises the Attack and Sp. Atk stat.,207,,,,,
Light Clay,Hold items,A Pokemon held item that extends the duration of barrier moves like Light Screen and Reflect used by the holder.,208,,,,,
Looker Ticket,Selling Items,A ticket that was handmade by Looker. It's decorated with a liberal amount of glittery paint.,209,,,,,
Love Ball,Pokeballs,Poke Ball for catching Pokemon that are the opposite gender of your Pokemon.,210,,,,,
Lucarionite,Hold items,Enables Lucario to Mega Evolve during battle.,211,,,,,
Luck Incense,Hold items,An item to be held by a Pokemon. It doubles a battle's prize money if the holding Pokemon joins in.,212,,,,,
Lucky Egg,Hold items,An item to be held by a Pokemon. It is an egg filled with happiness that earns extra Exp. Points in battle.,213,,,,,
Lucky Punch,Hold items,Increases critical-hit ratio when held by Chansey.,214,,,,,
Lum Berry,Berries,"If held by a Pokemon, it recovers from any status problem.",215,,,,,
Lure Ball,Pokeballs,A Poke Ball for catching Pokemon hooked by a Rod when fishing.,216,,,,,
Lustrous Orb,Hold items,Increases the power of Dragon and Water-type moves when held by Palkia.,217,,,,,
Luxury Ball,Pokeballs,A comfortable Poke Ball that makes a caught wild Pokemon quickly grow friendly.,218,,,,,
Macho Brace,Hold items,An item to be held by a Pokemon. It is a stiff and heavy brace that promotes strong growth but lowers Speed.,219,,,,,
Magmarizer,General items,A box packed with a tremendous amount of magma energy. It is loved by a certain Pokemon.,220,,,,,
Magnet,Hold items,Increases the power of Electric-type moves.,221,,,,,
Mago Berry,Berries,"Restores HP if it's low, but may cause confusion.",222,,,,,
Magost Berry,Berries,A Berry which is very rare in the Unova region. A maniac will buy it for a high price.,223,,,,,
Manectite,Hold items,Enables Manectric to Mega Evolve during battle.,224,,,,,
Master Ball,Pokeballs,The best Ball with the ultimate level of performance. It will catch any wild Pokemon without fail.,225,,,,,
Mawilite,Hold items,Enables Mawile to Mega Evolve during battle.,226,,,,,
Max Elixir,Medicine,It fully restores the PP of all the moves learned by the targeted Pokemon.,227,,,,,
Max Ether,Medicine,It fully restores the PP of a single selected move that has been learned by the target Pokemon.,228,,,,,
Max Potion,Medicine,A spray-type medicine for wounds. It completely restores the HP of a single Pokemon.,229,,,,,
Max Repel,General items,An item that prevents weak wild Pokemon from appearing for 250 steps after its use.,230,,,,,
Max Revive,Medicine,A medicine that revives a fainted Pokemon. It fully restores the Pokemon's HP.,231,,,,,
Meadow Plate,Hold items,Increases power of Grass-type moves. Changes Arceus' type to Grass.,232,,,,,
Medal Box,Selling Items,A box-shaped machine that stores Medals and Medal information.,233,,,,,
Medichamite,Hold items,Enables Medicham to Mega Evolve during battle.,234,,,,,
Mental Herb,Hold items,An item to be held by a Pokemon. It snaps the holder out of infatuation. It can be used only once.,235,,,,,
Metal Coat,Hold items,Increases the power of Steel-type moves.,236,,,,,
Metal Powder,Hold items,Increases Defense when held by Ditto.,237,,,,,
Metronome,Hold items,Increases the power of moves used consecutively.,238,,,,,
Mewtwonite X,Hold items,Enables Mewtwo to Mega Evolve during battle.,239,,,,,
Mewtwonite Y,Hold items,Enables Mewtwo to Mega Evolve during battle.,240,,,,,
Micle Berry,Berries,Increases a move's accuracy when HP is low.,241,,,,,
Mind Plate,Hold items,Increases power of Psychic-type moves. Changes Arceus' type to Psychic.,242,,,,,
Miracle Seed,Hold items,Increases the power of Grass-type moves.,243,,,,,
Moomoo Milk,Medicine,Milk with a very high nutrition content. It restores the HP of one Pokemon by 100 points.,244,,,,,
Moon Ball,Pokeballs,A Poke Ball for catching Pokemon that evolve using the Moon Stone.,245,,,,,
Moon Stone,General items,A peculiar stone that makes certain species of Pokemon evolve. It is as black as the night sky.,246,,,,,
Muscle Band,Hold items,Increases the power of Physical-category moves.,247,,,,,
Muscle Wing,Medicine,Increases Attack EVs by 1.,248,,,,,
Mystic Water,Hold items,Increases the power of Water-type moves.,249,,,,,
Nanab Berry,Berries,A Berry which is very rare in the Unova region. A maniac will buy it for a high price.,250,,,,,
Nest Ball,Pokeballs,A somewhat different Poke Ball that works especially well on weaker Pokemon in the wild.,251,,,,,
Net Ball,Pokeballs,A somewhat different Poke Ball that works especially well on Water- and Bug-type Pokemon.,252,,,,,
Never-Melt Ice,Hold items,Increases the power of Ice-type moves.,253,,,,,
Nomel Berry,Berries,A Berry which is very rare in the Unova region. A maniac will buy it for a high price.,254,,,,,
Normal Gem,Hold items,Increases the power of a Normal-type move only once.,255,,,,,
Nugget,General items,A nugget of pure gold that gives off a lustrous gleam. It can be sold at a high price to shops.,256,,,,,
Occa Berry,Berries,Weakens a supereffective Fire-type attack against the holding Pokemon.,257,,,,,
Odd Incense,Hold items,Increases the power of Psychic-type moves.,258,,,,,
Odd Keystone,General items,A vital item that is needed to keep a stone tower from collapsing. Voices can be heard from it occasionally.,259,,,,,
Old Amber,General items,A piece of amber that contains the genetic material of an ancient Pokemon. It is clear with a reddish tint.,260,,,,,
Old Gateau,Medicine,Old Chateau's hidden specialty. It heals all the status problems of a single Pokemon.,261,,,,,
Oran Berry,Berries,"If held by a Pokemon, it heals the user by just 10 HP.",262,,,,,
Oval Charm,General items,An oval charm said to increase the chance of Pokemon Eggs being found at the Day Care.,263,,,,,
Oval Stone,General items,A peculiar stone that makes certain species of Pokemon evolve. It is shaped like an egg.,264,,,,,
Pamtre Berry,Berries,A Berry which is very rare in the Jvaloh region. It has a sweet-smelling aroma that can put agitated people and Pokemon to sleep.,265,,,,,
Park Ball,Pokeballs,A special Poke Ball for the Pal Park.,266,,,,,
Parlyz Heal,Medicine,A spray-type medicine. It eliminates paralysis from a single Pokemon.,267,,,,,
Pass Orb,Hold items,"A mysterious orb containing the power of the Unova region, to be used when generating Pass Power.",268,,,,,
Passho Berry,Berries,Weakens a supereffective Water-type attack against the holding Pokemon.,269,,,,,
Payapa Berry,Berries,Weakens a supereffective Psychic-type attack against the holding Pokemon.,270,,,,,
Pearl,General items,A somewhat-small pearl that sparkles in a pretty silver color. It can be sold cheaply to shops.,271,,,,,
Pearl String,General items,Very large pearls that sparkle in a pretty silver color. A maniac will buy them for a high price.,272,,,,,
Pecha Berry,Berries,"If held by a Pokemon, it recovers from poison.",273,,,,,
Permit,General items,A permit that is needed to enter the Nature Preserve. Not many know about it.,274,,,,,
Persim Berry,Berries,"If held by a Pokemon, it recovers from confusion.",275,,,,,
Petaya Berry,Berries,Raises Special Attack when HP is low.,276,,,,,
Pinap Berry,Berries,A Berry which is very rare in the Unova region. A maniac will buy it for a high price.,277,,,,,
Pink Scarf,General items,Raises holder's Cute aspect in a Contest.,278,,,,,
Pinsirite,Hold items,Enables Pinsir to Mega Evolve during battle.,279,,,,,
Pixie Plate,Hold items,Increases power of Fairy-type moves. Changes Arceus' type to Fairy.,280,,,,,
Plasma Card,Hold items,A card key needed to enter the password inside the Plasma Frigate.,281,,,,,
Plume Fossil,General items,A fossil of an ancient Pokemon that flew in the sky in ancient times. It appears to be part of its wing.,282,,,,,
Pnk Apricorn,General items,"A pink Apricorn. It has a nice, sweet scent.",283,,,,,
Poison Barb,Hold items,Increases the power of Poison-type moves.,284,,,,,
Poison Gem,Hold items,Increases the power of a Poison-type move only once.,285,,,,,
Poke Ball,Pokeballs,A device for catching wild Pokemon. It is thrown like a ball at the target. It is designed as a capsule system.,286,,,,,
Poke Doll,General items,A doll that attracts Pokemon. Use it to flee from any battle with a wild Pokemon.,287,,,,,
Poke Toy,General items,An item that attracts Pokemon. Use it to flee from any battle with a wild Pokemon.,288,,,,,
Pomeg Berry,Berries,"Using it on a Pokemon makes it more friendly, but it also lowers its base HP.",289,,,,,
Potion,Medicine,A spray-type medicine for wounds. It restores the HP of one Pokemon by just 20 points.,290,,,,,
Power Anklet,Hold items,"A Pokemon held item that promotes Speed gain on leveling, but reduces the Speed stat.",291,,,,,
Power Band,Hold items,"A Pokemon held item that promotes Sp. Def gain on leveling, but reduces the Speed stat.",292,,,,,
Power Belt,Hold items,An item that allows Tyrogue to evolve into Hitmonchan. It seems to symbolise defense.,293,,,,,
Power Bracer,Hold items,An item that allows Tyrogue to evolve into Hitmonlee. It seems to symbolise offense.,294,,,,,
Power Herb,Hold items,A single-use item to be held by a Pokemon. It allows the immediate use of a move that charges on the first turn.,295,,,,,
Power Lens,Hold items,"A Pokemon held item that promotes Sp. Atk gain on leveling, but reduces the Speed stat.",296,,,,,
Power Plant Pass,Hold items,This pass serves as an ID card for gaining access to the power plant that lies along Route 3.,297,,,,,
Power Weight,Hold items,An item that allows Tyrogue to evolve into Hitmontop. It seems to symbolise balance.,298,,,,,
PP Max,Medicine,It maximally raises the top PP of a selected move that has been learned by the target Pokemon.,299,,,,,
PP Up,Medicine,It slightly raises the maximum PP of a selected move that has been learned by the target Pokemon.,300,,,,,
Premier Ball,Pokeballs,A somewhat rare Poke Ball that has been specially made to commemorate an event of some sort.,301,,,,,
Pretty Wing,General items,"Though this feather is beautiful, it's just a regular feather and has no effect on Pokemon.",302,,,,,
Prism Scale,General items,A mysterious scale that evolves certain Pokemon. It shines in rainbow colors.,303,,,,,
Prof's Letter,Hold items,A letter intended for Prof. Blaze. It seems to have been written by an unknown Professor.,304,,,,,
Protector,General items,A protective item of some sort. It is extremely stiff and heavy. It is loved by a certain Pokemon.,305,,,,,
Protein,Medicine,A nutritious drink for Pokemon. It raises the base Attack stat of a single Pokemon.,306,,,,,
Psychic Gem,Hold items,Increases the power of a Psychic-type move only once.,307,,,,,
Pure Incense,Hold items,An item to be held by a Pokemon. It helps keep wild Pokemon away if the holder is the first one in the party.,308,,,,,
Qualot Berry,Berries,"Using it on a Pokemon makes it more friendly, but it also lowers its base Defense stat.",309,,,,,
Quick Ball,Pokeballs,A somewhat different Poke Ball that provides a better catch rate if it is used at the start of a wild encounter.,310,,,,,
Quick Claw,Hold items,"An item to be held by a Pokemon. A light, sharp claw that lets the bearer move first occasionally.",311,,,,,
Quick Powder,Hold items,Increases Speed when held by Ditto.,312,,,,,
Rabuta Berry,Berries,A Berry which is very rare in the Unova region. A maniac will buy it for a high price.,313,,,,,
Rare Bone,General items,A bone that is extremely valuable for Pokemon archeology. It can be sold for a high price to shops.,314,,,,,
Rare Candy,Medicine,A candy that is packed with energy. It raises the level of a single Pokemon by one.,315,,,,,
Rawst Berry,Berries,"If held by a Pokemon, it recovers from a burn.",316,,,,,
Razor Claw,Hold items,Increases critical-hit ratio.,317,,,,,
Razor Fang,Hold items,An item to be held by a Pokemon. It may make foes and allies flinch when the holder inflicts damage.,318,,,,,
Razz Berry,Berries,A Berry which is very rare in the Unova region. A maniac will buy it for a high price.,319,,,,,
Reaper Cloth,General items,A cloth imbued with horrifyingly strong spiritual energy. It is loved by a certain Pokemon.,320,,,,,
Red Apricorn,General items,A red Apricorn. It assails your nostrils.,321,,,,,
Red Card,Hold items,"A card with a mysterious power. When the holder is struck by a foe, the attacker is removed from battle.",322,,,,,
Red Flute,General items,A toy flute made from red glass. A maniac will buy it for a high price.,323,,,,,
Red Scarf,General items,Raises holder's Cool aspect in a Contest.,324,,,,,
Red Shard,General items,A small red shard. It appears to be from some sort of implement made long ago.,325,,,,,
Relic Band,General items,"A bracelet made in a civilization about 3,000 years ago. A maniac will buy it for a high price.",326,,,,,
Relic Copper,General items,"A copper coin used in a civilization about 3,000 years ago. A maniac will buy it for a high price.",327,,,,,
Relic Crown,General items,"A crown made in a civilization about 3,000 years ago. A maniac will buy it for a high price.",328,,,,,
Relic Gold,General items,"A gold coin used in a civilization about 3,000 years ago. A maniac will buy it for a high price.",329,,,,,
Relic Silver,General items,"A silver coin used in a civilization about 3,000 years ago. A maniac will buy it for a high price.",330,,,,,
Relic Statue,General items,"A stone figure made in a civilization about 3,000 years ago. A maniac will buy it for a high price.",331,,,,,
Relic Vase,General items,"A vase made in a civilization about 3,000 years ago. A maniac will buy it for a high price.",332,,,,,
Repeat Ball,Pokeballs,A somewhat different Poke Ball that works especially well on Pokemon species that were previously caught.,333,,,,,
Repel,General items,An item that prevents weak wild Pokemon from appearing for 100 steps after its use.,334,,,,,
Reset Urge,Battle items,"When used, it restores any stat changes of an ally Pokemon.",335,,,,,
Resist Wing,Medicine,Increases Defense EVs by 1.,336,,,,,
Reveal Glass,General items,A looking glass that reveals the truth. It's a mysterious glass that returns a Pokemon to its original shape.,337,,,,,
Revival Herb,Medicine,"A very bitter medicinal herb. It revives a fainted Pokemon, fully restoring its HP.",338,,,,,
Revive,Medicine,A medicine that revives a fainted Pokemon. It restores half the Pokemon's maximum HP.,339,,,,,
Rindo Berry,Berries,Weakens a supereffective Grass-type attack against the holding Pokemon.,340,,,,,
Ring Target,Hold items,Moves that would otherwise have no effect will land on the Pokemon that holds it.,341,,,,,
Rock Gem,Hold items,Increases the power of a Rock-type move only once.,342,,,,,
Rock Incense,Hold items,Increases the power of Rock-type moves.,343,,,,,
Rocky Helmet,Hold items,"If the holder of this item takes damage, the attacker will also be damaged upon contact.",344,,,,,
Roller Skates,Selling Items,"Attaches roller skates to the bottom of your shoes, allowing you to glide quickly around and perform tricks.",345,,,,,
Root Fossil,General items,A fossil of an ancient Pokemon that lived in the sea. It appears to be part of a plant root.,346,,,,,
Rose Incense,Hold items,Increases the power of Grass-type moves.,347,,,,,
Rowap Berry,Berries,"If held by a Pokemon and a special attack lands, the attacker also takes damage.",348,,,,,
Sacred Ash,Medicine,"It revives all fainted Pokemon. In doing so, it also fully restores their HP.",349,,,,,
Safari Ball,Pokeballs,A special Poke Ball that is used only in the Great Marsh. It is decorated in a camouflage pattern.,350,,,,,
Salac Berry,Berries,Raises Speed when HP is low.,351,,,,,
Scizorite,Hold items,Enables Scizor to Mega Evolve during battle.,352,,,,,
Scope Lens,Hold items,Increases critical-hit ratio.,353,,,,,
Sea Incense,Hold items,Increases the power of Water-type moves.,354,,,,,
Sharp Beak,Hold items,Increases the power of Flying-type moves.,355,,,,,
Shed Shell,Hold items,"A tough, discarded carapace to be held by a Pokemon. It enables the holder to switch with a waiting Pokemon in battle.",356,,,,,
Shell Bell,Hold items,An item to be held by a Pokemon. The holder's HP is restored a little every time it inflicts damage.,357,,,,,
Shiny Charm,General items,A shiny charm said to increase the chance of finding a Shiny Pokemon in the wild.,358,,,,,
Shiny Stone,General items,A peculiar stone that makes certain species of Pokemon evolve. It shines with a dazzling light.,359,,,,,
Shoal Salt,General items,Pure salt that can be discovered deep inside the Shoal Cave. A maniac will buy it for a high price.,360,,,,,
Shoal Shell,General items,A pretty seashell that can be found deep inside the Shoal Cave. A maniac will buy it for a high price.,361,,,,,
Shock Drive,Hold items,Changes Techno Blast to an Electric-type move when held by Genesect.,362,,,,,
Shuca Berry,Berries,Weakens a supereffective Ground-type attack against the holding Pokemon.,363,,,,,
Silk Scarf,Hold items,Increases the power of Normal-type moves.,364,,,,,
SilverPowder,Hold items,Increases the power of Bug-type moves.,365,,,,,
Sitrus Berry,Berries,"If held by a Pokemon, it heals the user's HP a little.",366,,,,,
Skull Fossil,General items,A fossil from a prehistoric Pokemon that lived on the land. It appears to be part of a head.,367,,,,,
Sky Plate,Hold items,Increases power of Flying-type moves. Changes Arceus' type to Flying.,368,,,,,
Smoke Ball,Hold items,An item to be held by a Pokemon. It enables the holder to flee from any wild Pokemon without fail.,369,,,,,
Smooth Rock,Hold items,A Pokemon held item that extends the duration of the move Sandstorm used by the holder.,370,,,,,
Soda Pop,Medicine,A fizzy soda drink. It restores the HP of one Pokemon by 60 points.,371,,,,,
Soft Sand,Hold items,Increases the power of Ground-type moves.,372,,,,,
Soothe Bell,Hold items,An item to be held by a Pokemon. It is a bell with a comforting chime that calms the holder and makes it friendly.,373,,,,,
Soul Dew,Hold items,Increases both Special Attack and Special Defense when held by Latios or Latias.,374,,,,,
Spell Tag,Hold items,Increases the power of Ghost-type moves.,375,,,,,
Spelon Berry,Berries,A Berry which is very rare in the Unova region. A maniac will buy it for a high price.,376,,,,,
Splash Plate,Hold items,Increases power of Water-type moves. Changes Arceus' type to Water.,377,,,,,
Spooky Plate,Hold items,Increases power of Ghost-type moves. Changes Arceus' type to Ghost.,378,,,,,
Sport Ball,Pokeballs,A special Poke Ball for the Bug-Catching Contest.,379,,,,,
Sprinklotad,General items,"A watering can shaped like a Lotad. It helps promote the healthy growth of any Berries planted in good, soft soil.",380,,,,,
Stable Mulch,General items,A fertilizer to be spread on soft soil in regions where Berries are grown. A maniac will buy it for a high price.,381,,,,,
Star Piece,General items,A shard of a pretty gem that sparkles in a red color. It can be sold at a high price to shops.,382,,,,,
Stardust,General items,"Lovely, red-colored sand with a loose, silky feel. It can be sold at a high price to shops.",383,,,,,
Starf Berry,Berries,Sharply raises a random stat when HP is low.,384,,,,,
Steel Gem,Hold items,Increases the power of a Steel-type move only once.,385,,,,,
Stick,Hold items,Increases critical-hit ratio when held by Farfetch'd.,386,,,,,
Sticky Barb,Hold items,A held item that damages the holder on every turn. It may latch on to foes and allies that touch the holder.,387,,,,,
Stone Plate,Hold items,Increases power of Rock-type moves. Changes Arceus' type to Rock.,388,,,,,
Sun Stone,General items,A peculiar stone that makes certain species of Pokemon evolve. It is as red as the sun.,389,,,,,
Super Potion,Medicine,A spray-type medicine for wounds. It restores the HP of one Pokemon by 50 points.,390,,,,,
Super Repel,General items,An item that prevents weak wild Pokemon from appearing for 200 steps after its use.,391,,,,,
Sweet Heart,Medicine,Very sweet chocolate. It restores the HP of one Pokemon by only 20 points.,392,,,,,
Swift Wing,Medicine,Increases Speed EVs by 1.,393,,,,,
Tamato Berry,Berries,"Using it on a Pokemon makes it more friendly, but it also lowers its base Speed stat.",394,,,,,
Tanga Berry,Berries,Weakens a supereffective Bug-type attack against the holding Pokemon.,395,,,,,
Thick Club,Hold items,Increases Attack when held by Cubone or Marowak.,396,,,,,
Thunder Stone,General items,A peculiar stone that makes certain species of Pokemon evolve. It has a thunderbolt pattern.,397,,,,,
Timer Ball,Pokeballs,A somewhat different BALL that becomes progressively better the more turns there are in a battle.,398,,,,,
TinyMushroom,General items,A small and rare mushroom. It is sought after by collectors.,399,,,,,
TM01,Machines,Work Up,400,,,,,
TM02,Machines,Dragon Claw,401,,,,,
TM03,Machines,Psyshock,402,,,,,
TM04,Machines,Calm Mind,403,,,,,
TM05,Machines,Roar,404,,,,,
TM06,Machines,Toxic,405,,,,,
TM07,Machines,Hail,406,,,,,
TM08,Machines,Bulk Up,407,,,,,
TM09,Machines,Venoshock,408,,,,,
TM10,Machines,Hidden Power,409,,,,,
TM11,Machines,Sunny Day,410,,,,,
TM12,Machines,Taunt,411,,,,,
TM13,Machines,Ice Beam,412,,,,,
TM14,Machines,Blizzard,413,,,,,
TM15,Machines,Hyper Beam,414,,,,,
TM16,Machines,Light Screen,415,,,,,
TM17,Machines,Protect,416,,,,,
TM18,Machines,Rain Dance,417,,,,,
TM19,Machines,Roost,418,,,,,
TM20,Machines,Safeguard,419,,,,,
TM21,Machines,Frustration,420,,,,,
TM22,Machines,Solar Beam,421,,,,,
TM23,Machines,Smack Down,422,,,,,
TM24,Machines,Thunderbolt,423,,,,,
TM25,Machines,Thunder,424,,,,,
TM26,Machines,Earthquake,425,,,,,
TM27,Machines,Return,426,,,,,
TM28,Machines,Leech Life,427,,,,,
TM29,Machines,Psychic,428,,,,,
TM30,Machines,Shadow Ball,429,,,,,
TM31,Machines,Brick Break,430,,,,,
TM32,Machines,Double Team,431,,,,,
TM33,Machines,Reflect,432,,,,,
TM34,Machines,Sludge Wave,433,,,,,
TM35,Machines,Flamethrower,434,,,,,
TM36,Machines,Sludge Bomb,435,,,,,
TM37,Machines,Sandstorm,436,,,,,
TM38,Machines,Fire Blast,437,,,,,
TM39,Machines,Rock Tomb,438,,,,,
TM40,Machines,Aerial Ace,439,,,,,
TM41,Machines,Torment,440,,,,,
TM42,Machines,Facade,441,,,,,
TM43,Machines,Flame Charge,442,,,,,
TM44,Machines,Rest,443,,,,,
TM45,Machines,Attract,444,,,,,
TM46,Machines,Thief,445,,,,,
TM47,Machines,Low Sweep,446,,,,,
TM48,Machines,Round,447,,,,,
TM49,Machines,Echoed Voice,448,,,,,
TM50,Machines,Overheat,449,,,,,
TM51,Machines,Steel Wing,450,,,,,
TM52,Machines,Focus Blast,451,,,,,
TM53,Machines,Energy Ball,452,,,,,
TM54,Machines,False Swipe,453,,,,,
TM55,Machines,Scald,454,,,,,
TM56,Machines,Fling,455,,,,,
TM57,Machines,Charge Beam,456,,,,,
TM58,Machines,Sky Drop,457,,,,,
TM59,Machines,Brutal Swing,458,,,,,
TM60,Machines,Quash,459,,,,,
TM61,Machines,Will-O-Wisp,460,,,,,
TM62,Machines,Acrobatics,461,,,,,
TM63,Machines,Embargo,462,,,,,
TM64,Machines,Explosion,463,,,,,
TM65,Machines,Shadow Claw,464,,,,,
TM66,Machines,Payback,465,,,,,
TM67,Machines,Smart Strike,466,,,,,
TM68,Machines,Giga Impact,467,,,,,
TM69,Machines,Rock Polish,468,,,,,
TM70,Machines,Aurora Veil,469,,,,,
TM71,Machines,Stone Edge,470,,,,,
TM72,Machines,Volt Switch,471,,,,,
TM73,Machines,Thunder Wave,472,,,,,
TM74,Machines,Gyro Ball,473,,,,,
TM75,Machines,Swords Dance,474,,,,,
TM76,Machines,Fly,475,,,,,
TM77,Machines,Psych Up,476,,,,,
TM78,Machines,Bulldoze,477,,,,,
TM79,Machines,Frost Breath,478,,,,,
TM80,Machines,Rock Slide,479,,,,,
TM81,Machines,X-Scissor,480,,,,,
TM82,Machines,Dragon Tail,481,,,,,
TM83,Machines,Infestation,482,,,,,
TM84,Machines,Poison Jab,483,,,,,
TM85,Machines,Dream Eater,484,,,,,
TM86,Machines,Grass Knot,485,,,,,
TM87,Machines,Swagger,486,,,,,
TM88,Machines,Sleep Talk,487,,,,,
TM89,Machines,U-turn,488,,,,,
TM90,Machines,Substitute,489,,,,,
TM91,Machines,Flash Cannon,490,,,,,
TM92,Machines,Trick Room,491,,,,,
TM93,Machines,Wild Charge,492,,,,,
TM94,Machines,Surf,493,,,,,
TM95,Machines,Snarl,494,,,,,
TM96,Machines,Nature Power,495,,,,,
TM97,Machines,Dark Pulse,496,,,,,
TM98,Machines,Waterfall,497,,,,,
TM99,Machines,Dazzling Gleam,498,,,,,
TM100,Machines,Confide,499,,,,,
TMV Pass,Selling Items,A commuter pass that allows the holder to ride the TMV between Lumiose City and Kiloude City at any time.,500,,,,,
Toxic Orb,Hold items,An item to be held by a Pokemon. It is a bizarre orb that badly poisons the holder in battle.,501,,,,,
Toxic Plate,Hold items,Increases power of Poison-type moves. Changes Arceus' type to Poison.,502,,,,,
Twisted Spoon,Hold items,Increases the power of Psychic-type moves.,503,,,,,
Tyranitarite,Hold items,Enables Tyranitar to Mega Evolve during battle.,504,,,,,
Ultra Ball,Pokeballs,An ultra-performance Ball that provides a higher Pokemon catch rate than a Great Ball.,505,,,,,
Up-Grade,General items,A transparent device filled with all sorts of data. It was produced by Silph Co.,506,,,,,
Venusaurite,Hold items,Enables Venusaur to Mega Evolve during battle.,507,,,,,
Wacan Berry,Berries,Weakens a supereffective Electric-type attack against the holding Pokemon.,508,,,,,
Water Gem,Hold items,Increases the power of a Water-type move only once.,509,,,,,
Water Stone,General items,"A peculiar stone that makes certain species of Pokemon evolve. It is a clear, light blue.",510,,,,,
Watmel Berry,Berries,A Berry which is very rare in the Unova region. A maniac will buy it for a high price.,511,,,,,
Wave Incense,Hold items,Increases the power of Water-type moves.,512,,,,,
Wepear Berry,Berries,A Berry which is very rare in the Unova region. A maniac will buy it for a high price.,513,,,,,
White Flute,General items,A toy flute made from white glass. A maniac will buy it for a high price.,514,,,,,
White Herb,Hold items,An item to be held by a Pokemon. It restores any lowered stat in battle. It can be used only once.,515,,,,,
Wht Apricorn,General items,A white Apricorn. It doesn't smell like anything.,516,,,,,
Wide Lens,Hold items,Increases the accuracy of moves.,517,,,,,
Wiki Berry,Berries,"Restores HP if it's low, but may cause confusion.",518,,,,,
Wise Glasses,Hold items,Increases the power of Special-category moves.,519,,,,,
X Accuracy,Medicine,Raises Accuracy of a Pokemon in battle.,520,,,,,
X Accuracy 2,Medicine,Sharply raises Accuracy of a Pokemon in battle.,521,,,,,
X Accuracy 3,Medicine,Drastically raises Accuracy of a Pokemon in battle.,522,,,,,
X Accuracy 6,Medicine,Immensely raises Accuracy of a Pokemon in battle.,523,,,,,
X Attack,Medicine,Raises Attack of a Pokemon in battle.,524,,,,,
X Attack 2,Medicine,Sharply raises Attack of a Pokemon in battle.,525,,,,,
X Attack 3,Medicine,Drastically raises Attack of a Pokemon in battle.,526,,,,,
X Attack 6,Medicine,Immensely raises Attack of a Pokemon in battle.,527,,,,,
X Defend,Medicine,Raises Defense of a Pokemon in battle.,528,,,,,
X Defend 2,Medicine,Sharply raises Defense of a Pokemon in battle.,529,,,,,
X Defend 3,Medicine,Drastically raises Defense of a Pokemon in battle.,530,,,,,
X Defend 6,Medicine,Immensely raises Defense of a Pokemon in battle.,531,,,,,
X Sp. Def,Medicine,Raises Special Defense of a Pokemon in battle.,532,,,,,
X Sp. Def 2,Medicine,Sharply raises Special Defense of a Pokemon in battle.,533,,,,,
X Sp. Def 3,Medicine,Drastically raises Special Defense of a Pokemon in battle.,534,,,,,
X Sp. Def 6,Medicine,Immensely raises Special Defense of a Pokemon in battle.,535,,,,,
X Special,Medicine,Raises Special Attack of a Pokemon in battle.,536,,,,,
X Special 2,Medicine,Sharply raises Special Attack of a Pokemon in battle.,537,,,,,
X Special 3,Medicine,Drastically raises Special Attack of a Pokemon in battle.,538,,,,,
X Special 6,Medicine,Immensely raises Special Attack of a Pokemon in battle.,539,,,,,
X Speed,Medicine,Raises Speed of a Pokemon in battle.,540,,,,,
X Speed 2,Medicine,Sharply raises Speed of a Pokemon in battle.,541,,,,,
X Speed 3,Medicine,Drastically raises Speed of a Pokemon in battle.,542,,,,,
X Speed 6,Medicine,Immensely raises Speed of a Pokemon in battle.,543,,,,,
Yache Berry,Berries,Weakens a supereffective Ice-type attack against the holding Pokemon.,544,,,,,
Yellow Flute,General items,A toy flute made from yellow glass. A maniac will buy it for a high price.,545,,,,,
Yellow Scarf,General items,Raises holder's Tough aspect in a Contest.,546,,,,,
Yellow Shard,General items,A small yellow shard. It appears to be from some sort of implement made long ago.,547,,,,,
Ylw Apricorn,General items,A yellow Apricorn. It has an invigorating scent.,548,,,,,
Zap Plate,Hold items,Increases power of Electric-type moves. Changes Arceus' type to Electric.,549,,,,,
Zinc,Medicine,A nutritious drink for Pokemon. It raises the base Sp. Def (Special Defense) stat of a single Pokemon.,550,,,,,
Zoom Lens,Hold items,Raises a move's accuracy if the holder moves after its target.,551,,,,,
Honey Drop,Selling Items,Item dropped by honey bees. Used for buying honey.,552,,,,,
Honey,Spawn Item,Item which has soothing smell. Spawns a rare pokemon.,553,,,,,
TM Fragment,Selling Items,Fragments used to be sold to a seller who mixes them to form a TM,554,,,,,
Love Token,Selling Items,Tokens which can be exchanged for surprise boxes.,555,,,,,
Basic Valentine Box,Spawn Item,"A spawn box, which will spawn a basic gift pokemon",556,,,,,
Standard Valentine Box,Spawn Item,"A spawn box, which will spawn a standard gift pokemon",557,,,,,
Special Valentine Box,Spawn Item,"A spawn box, which will spawn a special gift pokemon",558,,,,,
Ultimate Valentine Box,Spawn Item,"A spawn box, which will spawn the ultimate gift pokemon",559,,,,,
Mega Valentine Box,Spawn Item,"A spawn box, which will spawn a gift pokemon",560,,,,,
Bug Memory,Hold items,Makes Silvally a Bug-type Pok rmon and makes Multi-Attack a Bug-type move.,561,,,,,
Dark Memory,Hold items,Makes Silvally a Dark-type Poke mon and makes Multi-Attack a Dark-type move.,562,,,,,
Dragon Memory,Hold items,Makes Silvally a Dragon-type Poke mon and makes Multi-Attack a Dragon-type move.,563,,,,,
Electric Memory,Hold items,Makes Silvally a Electric-type Poke mon and makes Multi-Attack a Electric-type move.,564,,,,,
Fairy Memory,Hold items,Makes Silvally a Fairy-type Poke mon and makes Multi-Attack a Fairy-type move.,565,,,,,
Fighting Memory,Hold items,Makes Silvally a Fighting-type Poke mon and makes Multi-Attack a Fighting-type move.,566,,,,,
Fire Memory,Hold items,Makes Silvally a Fire-type Poke mon and makes Multi-Attack a Fire-type move.,567,,,,,
Flying Memory,Hold items,Makes Silvally a Flying-type Poke mon and makes Multi-Attack a Flying-type move.,568,,,,,
Ghost Memory,Hold items,Makes Silvally a Ghost-type Poke mon and makes Multi-Attack a Ghost-type move.,569,,,,,
Grass Memory,Hold items,Makes Silvally a Grass-type Poke mon and makes Multi-Attack a Grass-type move.,570,,,,,
Ground Memory,Hold items,Makes Silvally a Ground-type Poke mon and makes Multi-Attack a Ground-type move.,571,,,,,
Ice Memory,Hold items,Makes Silvally a Ice-type Poke mon and makes Multi-Attack a Ice-type move.,572,,,,,
Poison Memory,Hold items,Makes Silvally a Poison-type Poke mon and makes Multi-Attack a Poison-type move.,573,,,,,
Psychic Memory,Hold items,Makes Silvally a Psychic-type Poke mon and makes Multi-Attack a Psychic-type move.,574,,,,,
Rock Memory,Hold items,Makes Silvally a Rock-type Poke mon and makes Multi-Attack a Rock-type move.,575,,,,,
Steel Memory,Hold items,Makes Silvally a Steel-type Poke mon and makes Multi-Attack a Steel-type move.,576,,,,,
Water Memory,Hold items,Makes Silvally a Water-type Poke mon and makes Multi-Attack a Water-type move.,577,,,,,
Terrain Extender,Hold items,Lengthens the duration of all terrain-inducing moves and abilities from 5 turns to 8 turns.,578,,,,,
Electric Seed,Hold items,A one-time use item that raises the holder's Defense by one stage upon activation of Electric Terrain,579,,,,,
Grassy Seed,Hold items,A one-time use item that raises the holder's Defense by one stage upon activation of Grassy Terrain,580,,,,,
Misty Seed,Hold items,A one-time use item that raises the holder's Defense by one stage upon activation of Misty Terrain,581,,,,,
Psychic Seed,Hold items,A one-time use item that raises the holder's Defense by one stage upon activation of Psychic Terrain,582,,,,,
Adrenaline Orb,Hold items,"If the holder is affected by Intimidate, its Speed is increased by one stage. One-time use.",583,,,,,
Protective Pads,Hold items,An item to be held by a Pokemon. These pads protect the holder from effects caused by making direct contact with the target.,584,,,,,
Ice Stone,General items,A peculiar stone that can make certain species of Pokemon evolve. It has an unmistakable snowflake pattern.,585,,,,,
Alolan Leaf Stone,General items,A different-looking thunder stone. It evolves Exeggcute into Exeggutor-Alola,586,,,,,
Alolan Thunder Stone,General items,A different-looking thunder stone. It evolves Pikachu into Raichu-Alola,587,,,,,
Coronet Stone,General items,A magnetic rock from Coronet Mountain that helps certain species of Pokemon evolve.,588,,,,,
Lanakila Icicle,General items,A magnetic rock from Lanakila Mountain that evolves Crabrawler into Crabominable.,589,,,,,
Link Stone,General items,A unique stone that carries the energy from a pokemon trade. It is used to evolve certain species of Pokemon,590,,,,,
Sachet,General items,A sachet filled with fragrant perfumes that are just slightly too overwhelming. Yet it's loved by a certain Pokemon,591,,,,,
Whipped Dream,General items,"A soft and sweet treatmade of fluffy, puffy, whipped and whirled cream. It's loved by a certain Pokemon",592,,,,,
Beast Ball,Pokeballs,Allows the player to catch wild Pokemon; works better on Ultra Beasts.,593,,,,,
Luminous Moss,Hold items,An item to be held by a Pokemon. It boosts Sp. Def if hit with a Water-type attack. It can only be used once.,594,,,,,
Snowball,Hold items,An item to be held by a Pokemon. It boosts Attack if hit with an Ice-type attack. It can only be used once.,595,,,,,
Aloraichium Z,Hold items,It converts Z-Power into crystals that upgrade Alolan Raichu_ s Thunderbolt to an exclusive Z-Move.,596,,,,,
Buginium Z,Hold items,It converts Z-Power into crystals that upgrade Bug-type moves to Bug-type Z-Moves.,597,,,,,
Darkinium Z,Hold items,It converts Z-Power into crystals that upgrade Dark-type moves to Dark-type Z-Moves.,598,,,,,
Decidium Z,Hold items,It converts Z-Power into crystals that upgrade Decidueye_ s Spirit Shackle to an exclusive Z-Move.,599,,,,,
Dragonium Z,Hold items,It converts Z-Power into crystals that upgrade Dragon-type moves to Dragon-type Z-Moves.,600,,,,,
Eevium Z,Hold items,It converts Z-Power into crystals that upgrade Eevee_ s Last Resort to an exclusive Z-Move.,601,,,,,
Electrium Z,Hold items,It converts Z-Power into crystals that upgrade Electric-type moves to Electric-type Z-Moves.,602,,,,,
Fairium Z,Hold items,It converts Z-Power into crystals that upgrade Fairy-type moves to Fairy-type Z-Moves.,603,,,,,
Fightinium Z,Hold items,It converts Z-Power into crystals that upgrade Fighting-type moves to Fighting-type Z-Moves.,604,,,,,
Firium Z,Hold items,It converts Z-Power into crystals that upgrade Fire-type moves to Fire-type Z-Moves.,605,,,,,
Flyinium Z,Hold items,It converts Z-Power into crystals that upgrade Flying-type moves to Flying-type Z-Moves.,606,,,,,
Ghostium Z,Hold items,It converts Z-Power into crystals that upgrade Ghost-type moves to Ghost-type Z-Moves.,607,,,,,
Grassium Z,Hold items,It converts Z-Power into crystals that upgrade Grass-type moves to Grass-type Z-Moves.,608,,,,,
Groundium Z,Hold items,It converts Z-Power into crystals that upgrade Ground-type moves to Ground-type Z-Moves.,609,,,,,
Icium Z,Hold items,It converts Z-Power into crystals that upgrade Ice-type moves to Ice-type Z-Moves.,610,,,,,
Incinium Z,Hold items,It converts Z-Power into crystals that upgrade Incineroar_ s Darkest Lariat to an exclusive Z-Move.,611,,,,,
Marshadium Z,Hold items,It converts Z-Power into crystals that upgrade Marshadow_ s Spectral Thief to an exclusive Z-Move.,612,,,,,
Mewnium Z,Hold items,It converts Z-Power into crystals that upgrade Mew_ s Psychic to an exclusive Z-Move.,613,,,,,
Normalium Z,Hold items,It converts Z-Power into crystals that upgrade Normal-type moves to Normal-type Z-Moves.,614,,,,,
Pikanium Z,Hold items,It converts Z-Power into crystals that upgrade Pikachu_ s Volt Tackle to an exclusive Z-Move.,615,,,,,
Pikashunium Z,Hold items,This is a crystallized form of Z-Power. It upgrades a Thunderbolt by Pikachu in a cap to a Z-Move.,616,,,,,
Poisonium Z,Hold items,It converts Z-Power into crystals that upgrade Poison-type moves to Poison-type Z-Moves.,617,,,,,
Primarium Z,Hold items,It converts Z-Power into crystals that upgrade Primarina_ s Sparkling Aria to an exclusive Z-Move.,618,,,,,
Psychium Z,Hold items,It converts Z-Power into crystals that upgrade Psychic-type moves to Psychic-type Z-Moves.,619,,,,,
Rockium Z,Hold items,It converts Z-Power into crystals that upgrade Rock-type moves to Rock-type Z-Moves.,620,,,,,
Snorlium Z,Hold items,It converts Z-Power into crystals that upgrade Snorlax_ s Giga Impact to an exclusive Z-Move.,621,,,,,
Steelium Z,Hold items,It converts Z-Power into crystals that upgrade Steel-type moves to Steel-type Z-Moves.,622,,,,,
Tapunium Z,Hold items,It converts Z-Power into crystals that upgrade the tapu_ s Nature_ s Madness to an exclusive Z-Move.,623,,,,,
Waterium Z,Hold items,It converts Z-Power into crystals that upgrade Water-type moves to Water-type Z-Moves.,624,,,,,
Moss Rock,General items,A moss covered stone. It is used to evolve Eevee to Leafeon.,625,,,,,
Reverse Stone,General items,A weird looking stone. It is used to evolve Inkay to Malamar.,626,,,,,
7-Day Exp Boost,General items,An item which when applied increases the experience received from wild pokemon by 15%.  This lasts for a week.,627,Boosts,,,,
Starter Blue Hair,Battle items,Classic starter blue Hair Style,628,Customisation,0,628,#6b94d6,Male
Starter Blue T-Shirt,Battle items,Classic starter blue T-Shirt,629,Customisation,5,629,#098ac1,Male
Starter Black Pants,Battle items,Classic starter black Pants,630,Customisation,4,630,#444444,Male
Starter Red Shoe,Battle items,Classic starter red Shoe,631,Customisation,7,631,#cc0000,Male
Starter Ball,Pokeballs,A device for catching wild Pokemon. It is thrown like a ball at the target. It is designed as a capsule system.,632,,,,,
Surprise Box,Selling Items,A box packed by staff of PBO. It will provide you with 2 random items from a selection of items chosen by PBO staff.,633,General Items,,,,
Fishing Rod,Selling Items,Allows the player to fish in bodies of water.,634,,,,,
Starter Yellow Hair,Battle items,Classic starter yellow Hair Style,635,Customisation,0,628,#f9e440,Male
Starter Girl Blue Hair,Battle items,Classic starter blue Hair Style,636,Customisation,0,632,#6b94d6,Female
Starter Girl Black Top,Battle items,Classic starter black top,637,Customisation,5,633,#636363,Female
Starter Girl Orange Skirt,Battle items,Classic starter orange Skirt,638,Customisation,4,634,#FFA500,Female
Starter Girl Red Shoe,Battle items,Classic starter red Shoe,639,Customisation,7,635,#d10000,Female
1-Day Exp Boost,General items,An item which when applied increases the experience received from wild pokemon by 15%.  This lasts for a day.,640,Boosts,,,,
15-Day Exp Boost,General items,An item which when applied increases the experience received from wild pokemon by 15%.  This lasts for 15 days.,641,Boosts,,,,
30-Day Exp Boost,General items,An item which when applied increases the experience received from wild pokemon by 15%.  This lasts for 30 days.,642,Boosts,,,,
1-Hour Global Exp Boost,General items,"An item, which, when applied, increases the experience received from wild pokemon by 10% for entire server. This lasts for an hour.",643,Boosts,,,,
Starter Light Blue Hair,Battle items,Classic starter light blue Hair Style,644,Customisation,0,628,#aacbff,Male
Starter Light Yellow Hair,Battle items,Classic starter light yellow Hair Style,645,Customisation,0,628,#ffff7a,Male
Starter Red Hair,Battle items,Classic starter red Hair Style,646,Customisation,0,628,#b20000,Male
Starter Light Red Hair,Battle items,Classic starter light red Hair Style,647,Customisation,0,628,#ff0000,Male
Starter Purple Hair,Battle items,Classic starter purple Hair Style,648,Customisation,0,628,#a002fc,Male
Starter Light Purple Hair,Battle items,Classic starter light purple Hair Style,649,Customisation,0,628,#d184ff,Male
Starter Green Hair,Battle items,Classic starter green Hair Style,650,Customisation,0,628,#3ec12c,Male
Starter Light Green Hair,Battle items,Classic starter light green Hair Style,651,Customisation,0,628,#92ff83,Male
Starter Orange Hair,Battle items,Classic starter orange Hair Style,652,Customisation,0,628,#fcb425,Male
Starter Black Hair,Battle items,Classic starter black Hair Style,653,Customisation,0,628,#6b6b6b,Male
Starter Red T-Shirt,Battle items,Classic starter red T-Shirt,654,Customisation,5,629,#db0000,Male
Starter Black T-Shirt,Battle items,Classic starter black T-Shirt,655,Customisation,5,629,#444444,Male
Starter Orange T-Shirt,Battle items,Classic starter orange T-Shirt,656,Customisation,5,629,#f7ac00,Male
Starter Green T-Shirt,Battle items,Classic starter green T-Shirt,657,Customisation,5,629,#2dcc02,Male
Starter Pink T-Shirt,Battle items,Classic starter pink T-Shirt,658,Customisation,5,629,#ffd1f5,Male
Starter Gray Pants,Battle items,Classic starter gray Pants,659,Customisation,4,630,#bcbcbc,Male
Starter Blue Pants,Battle items,Classic starter blue Pants,660,Customisation,4,630,#2a537c,Male
Starter Khakhi Pants,Battle items,Classic starter khakhi Pants,661,Customisation,4,630,#e8d68f,Male
Starter Brown Pants,Battle items,Classic starter brown Pants,662,Customisation,4,630,#5b3b2d,Male
Starter Red Pants,Battle items,Classic starter red Pants,663,Customisation,4,630,#e50000,Male
Starter Lime Green Shoe,Battle items,Classic starter lime green Shoe,664,Customisation,7,631,#c6ed04,Male
Starter Blue Shoe,Battle items,Classic starter blue Shoe,665,Customisation,7,631,#0488ed,Male
Starter Black Shoe,Battle items,Classic starter black Shoe,666,Customisation,7,631,#606060,Male
Starter Brown Shoe,Battle items,Classic starter brown Shoe,667,Customisation,7,631,#6d563d,Male
Starter Purple Shoe,Battle items,Classic starter purple Shoe,668,Customisation,7,631,#aa00ff,Male
Starter Girl Light Blue Hair,Battle items,Classic starter light blue Hair Style,669,Customisation,0,632,#aacbff,Female
Starter Girl Yellow Hair,Battle items,Classic starter yellow Hair Style,670,Customisation,0,632,#f9e440,Female
Starter Girl Light Yellow Hair,Battle items,Classic starter light yellow Hair Style,671,Customisation,0,632,#ffff7a,Female
Starter Girl Red Hair,Battle items,Classic starter red Hair Style,672,Customisation,0,632,#b20000,Female
Starter Girl Light Red Hair,Battle items,Classic starter light red Hair Style,673,Customisation,0,632,#ff0000,Female
Starter Girl Purple Hair,Battle items,Classic starter purple Hair Style,674,Customisation,0,632,#a002fc,Female
Starter Girl Light Purple Hair,Battle items,Classic starter light purple Hair Style,675,Customisation,0,632,#d184ff,Female
Starter Girl Green Hair,Battle items,Classic starter green Hair Style,676,Customisation,0,632,#3ec12c,Female
Starter Girl Light Green Hair,Battle items,Classic starter light green Hair Style,677,Customisation,0,632,#92ff83,Female
Starter Girl Orange Hair,Battle items,Classic starter orange Hair Style,678,Customisation,0,632,#fcb425,Female
Starter Girl Black Hair,Battle items,Classic starter black Hair Style,679,Customisation,0,632,#6b6b6b,Female
Starter Girl Orange Top,Battle items,Classic starter orange top,680,Customisation,5,633,#ffbf00,Female
Starter Girl Purple Top,Battle items,Classic starter purple top,681,Customisation,5,633,#b600ff,Female
Starter Girl Green Top,Battle items,Classic starter green top,682,Customisation,5,633,#05e002,Female
Starter Girl Turquoise Top,Battle items,Classic starter turquoise top,683,Customisation,5,633,#00e5ff,Female
Starter Girl Red Top,Battle items,Classic starter red top,684,Customisation,5,633,#b50000,Female
Starter Girl Green Skirt,Battle items,Classic starter green Skirt,685,Customisation,4,634,#00af05,Female
Starter Girl Black Skirt,Battle items,Classic starter black Skirt,686,Customisation,4,634,#4c4c4c,Female
Starter Girl Yellow Skirt,Battle items,Classic starter yellow Skirt,687,Customisation,4,634,#fff600,Female
Starter Girl Purple Skirt,Battle items,Classic starter orange Skirt,688,Customisation,4,634,#8c00ff,Female
Starter Girl Pink Skirt,Battle items,Classic starter pink Skirt,689,Customisation,4,634,#ff99e5,Female
Starter Girl Silver Shoe,Battle items,Classic starter silver Shoe,690,Customisation,7,635,#efefef,Female
Starter Girl Gold Shoe,Battle items,Classic starter gold Shoe,691,Customisation,7,635,#afa100,Female
Starter Girl Pink Shoe,Battle items,Classic starter pink Shoe,692,Customisation,7,635,#d80090,Female
Starter Girl Purple Shoe,Battle items,Classic starter purple Shoe,693,Customisation,7,635,#590091,Female
Starter Girl Turquoise Shoe,Battle items,Classic starter turquoise Shoe,694,Customisation,7,635,#00ddff,Female
Pigtail Girl Blue Hair,Battle items,Classic Pigtail blue Hair Style,695,Customisation,0,636,#6b94d6,Female
Pigtail Girl Light Blue Hair,Battle items,Classic Pigtail light blue Hair Style,696,Customisation,0,636,#aacbff,Female
Pigtail Girl Yellow Hair,Battle items,Classic Pigtail yellow Hair Style,697,Customisation,0,636,#f9e440,Female
Pigtail Girl Light Yellow Hair,Battle items,Classic Pigtail light yellow Hair Style,698,Customisation,0,636,#ffff7a,Female
Pigtail Girl Red Hair,Battle items,Classic Pigtail red Hair Style,699,Customisation,0,636,#b20000,Female
Pigtail Girl Light Red Hair,Battle items,Classic Pigtail light red Hair Style,700,Customisation,0,636,#ff0000,Female
Pigtail Girl Purple Hair,Battle items,Classic Pigtail purple Hair Style,701,Customisation,0,636,#a002fc,Female
Pigtail Girl Light Purple Hair,Battle items,Classic Pigtail light purple Hair Style,702,Customisation,0,636,#d184ff,Female
Pigtail Girl Green Hair,Battle items,Classic Pigtail green Hair Style,703,Customisation,0,636,#3ec12c,Female
Pigtail Girl Light Green Hair,Battle items,Classic Pigtail light green Hair Style,704,Customisation,0,636,#92ff83,Female
Pigtail Girl Orange Hair,Battle items,Classic Pigtail orange Hair Style,705,Customisation,0,636,#fcb425,Female
Pigtail Girl Black Hair,Battle items,Classic Pigtail black Hair Style,706,Customisation,0,636,#6b6b6b,Female
Starter Spikey Blue Hair,Battle items,Classic starter spikey blue Hair Style,707,Customisation,0,31,#6b94d6,Male
Starter Spikey Yellow Hair,Battle items,Classic starter spikey yellow Hair Style,708,Customisation,0,31,#f9e440,Male
Starter Spikey Light Blue Hair,Battle items,Classic starter spikey ight blue Hair Style,709,Customisation,0,31,#aacbff,Male
Starter Spikey Light Yellow Hair,Battle items,Classic starter spikey light yellow Hair Style,710,Customisation,0,31,#ffff7a,Male
Starter Spikey Red Hair,Battle items,Classic starter spikey red Hair Style,711,Customisation,0,31,#b20000,Male
Starter Spikey Light Red Hair,Battle items,Classic starter spikey light red Hair Style,712,Customisation,0,31,#ff0000,Male
Starter Spikey Purple Hair,Battle items,Classic starter spikey purple Hair Style,713,Customisation,0,31,#a002fc,Male
Starter Spikey Light Purple Hair,Battle items,Classic starter spikey light purple Hair Style,714,Customisation,0,31,#d184ff,Male
Starter Spikey Green Hair,Battle items,Classic starter spikey green Hair Style,715,Customisation,0,31,#3ec12c,Male
Starter Spikey Light Green Hair,Battle items,Classic starter spikey light green Hair Style,716,Customisation,0,31,#92ff83,Male
Starter Spikey Orange Hair,Battle items,Classic starter spikey orange Hair Style,717,Customisation,0,31,#fcb425,Male
Starter Spikey Black Hair,Battle items,Classic starter spikey black Hair Style,718,Customisation,0,31,#6b6b6b,Male
Blue Side Pony,Battle items,Classic Side Pony blue Hair Style,719,Customisation,0,33,#6b94d6,Female
Light Blue Side Pony,Battle items,Classic Side Pony light blue Hair Style,720,Customisation,0,33,#aacbff,Female
Yellow Side Pony,Battle items,Classic Side Pony yellow Hair Style,721,Customisation,0,33,#f9e440,Female
Light Yellow Side Pony,Battle items,Classic Side Pony light yellow Hair Style,722,Customisation,0,33,#ffff7a,Female
Red Side Pony,Battle items,Classic Side Pony red Hair Style,723,Customisation,0,33,#b20000,Female
Light Red Side Pony,Battle items,Classic Side Pony light red Hair Style,724,Customisation,0,33,#ff0000,Female
Purple Side Pony,Battle items,Classic Side Pony purple Hair Style,725,Customisation,0,33,#a002fc,Female
Light Purple Side Pony,Battle items,Classic Side Pony light purple Hair Style,726,Customisation,0,33,#d184ff,Female
Green Side Pony,Battle items,Classic Side Pony green Hair Style,727,Customisation,0,33,#3ec12c,Female
Light Green Side Pony,Battle items,Classic Side Pony light green Hair Style,728,Customisation,0,33,#92ff83,Female
Orange Side Pony,Battle items,Classic Side Pony orange Hair Style,729,Customisation,0,33,#fcb425,Female
Black Side Pony,Battle items,Classic Side Pony black Hair Style,730,Customisation,0,33,#6b6b6b,Female
Starter Messy Blue Hair,Battle items,Classic starter messy blue Hair Style,731,Customisation,0,34,#6b94d6,Male
Starter Messy Yellow Hair,Battle items,Classic starter messy yellow Hair Style,732,Customisation,0,34,#f9e440,Male
Starter Messy Light Blue Hair,Battle items,Classic starter messy ight blue Hair Style,733,Customisation,0,34,#aacbff,Male
Starter Messy Light Yellow Hair,Battle items,Classic starter messy light yellow Hair Style,734,Customisation,0,34,#ffff7a,Male
Starter Messy Red Hair,Battle items,Classic starter messy red Hair Style,735,Customisation,0,34,#b20000,Male
Starter Messy Light Red Hair,Battle items,Classic starter messy light red Hair Style,736,Customisation,0,34,#ff0000,Male
Starter Messy Purple Hair,Battle items,Classic starter messy purple Hair Style,737,Customisation,0,34,#a002fc,Male
Starter Messy Light Purple Hair,Battle items,Classic starter messy light purple Hair Style,738,Customisation,0,34,#d184ff,Male
Starter Messy Green Hair,Battle items,Classic starter messy green Hair Style,739,Customisation,0,34,#3ec12c,Male
Starter Messy Light Green Hair,Battle items,Classic starter messy light green Hair Style,740,Customisation,0,34,#92ff83,Male
Starter Messy Orange Hair,Battle items,Classic starter messy orange Hair Style,741,Customisation,0,34,#fcb425,Male
Starter Messy Black Hair,Battle items,Classic starter messy black Hair Style,742,Customisation,0,34,#6b6b6b,Male
Storage Box,Battle items,"A special drive that gives the player access to 1 extra PC storage box, with the standard 30 slots.",743,Pokemon,,,,
Yellow Fringe Hair,Battle items,Yellow Fringe Hair Style,744,Customisation,0,35,#f9e440,Female
Black Fringe Hair,Battle items,Black Fringe Hair Style,745,Customisation,0,35,#6b6b6b,Female
7 Days PBO Membership,General items,PBO membership for 7 days. Allows user to access ATM's all over Jvaloh Region and use Skynet Bots at 25% discount.,746,Boosts,,,,
14 Days PBO Membership,General items,PBO membership for 14 days. Allows user to access ATM's all over Jvaloh Region and use Skynet Bots at 25% discount..,747,Boosts,,,,
1 Month PBO Membership,General items,PBO membership for a month. Allows user to access ATM's all over Jvaloh Region and use Skynet Bots at 25% discount..,748,Boosts,,,,
Surprise Box Bundle,General items,Bundle of 10 Surprise boxes.,749,General Items,,,,
Mohawk Blue Hair,Battle items,Blue Mohawk Hair Style,750,Customisation,0,36,#6b94d6,Male
Mohawk Yellow Hair,Battle items,Yellow Mohawk Hair Style,751,Customisation,0,36,#f9e440,Male
Mohawk Light Blue Hair,Battle items,Light Blue Mohawk Hair Style,752,Customisation,0,36,#aacbff,Male
Mohawk Light Yellow Hair,Battle items,Light Yellow Mohawk Hair Style,753,Customisation,0,36,#ffff7a,Male
Mohawk Red Hair,Battle items,Red Mohawk Hair Style,754,Customisation,0,36,#b20000,Male
Mohawk Light Red Hair,Battle items,Light Red Hair Style,755,Customisation,0,36,#ff0000,Male
Mohawk Purple Hair,Battle items,Purple Mohawk Hair Style,756,Customisation,0,36,#a002fc,Male
Mohawk Light Purple Hair,Battle items,Light Purple Hair Style,757,Customisation,0,36,#d184ff,Male
Mohawk Green Hair,Battle items,Green Mohawk Hair Style,758,Customisation,0,36,#3ec12c,Male
Mohawk Light Green Hair,Battle items,Light Green Mohawk Hair Style,759,Customisation,0,36,#92ff83,Male
Mohawk Orange Hair,Battle items,Orange Mohawk Hair Style,760,Customisation,0,36,#fcb425,Male
Mohawk Black Hair,Battle items,Black Mohawk Hair Style,761,Customisation,0,36,#6b6b6b,Male
Mystic Gohan Hairstyle,Battle items,Mystic Gohan Hairstyle,762,Customisation,0,32,#6b6b6b,Male
Female Orange Robe,Battle items,Simple Robe for female characters. Can be wore over Tops.,763,Customisation,6,37,,Female
Female Pink Robe,Battle items,Simple Robe for female characters. Can be wore over Tops.,764,Customisation,6,38,,Female
Female Purple Robe,Battle items,Simple Robe for female characters. Can be wore over Tops.,765,Customisation,6,39,,Female
Female Red Robe,Battle items,Simple Robe for female characters. Can be wore over Tops.,766,Customisation,6,40,,Female
Female Yellow Robe,Battle items,Simple Robe for female characters. Can be wore over Tops.,767,Customisation,6,41,,Female
Male Blue Robe,Battle items,Simple Robe for male characters. Can be wore over Tops.,768,Customisation,6,42,,Male
Male Green Robe,Battle items,Simple Robe for male characters. Can be wore over Tops.,769,Customisation,6,43,,Male
Male Orange Robe,Battle items,Simple Robe for male characters. Can be wore over Tops.,770,Customisation,6,44,,Male
Male Purple Robe,Battle items,Simple Robe for male characters. Can be wore over Tops.,771,Customisation,6,45,,Male
Male Red Robe,Battle items,Simple Robe for male characters. Can be wore over Tops.,772,Customisation,6,46,,Male
Male Yellow Robe,Battle items,Simple Robe for male characters. Can be wore over Tops.,773,Customisation,6,47,,Male
Yellow Top Knot Hair,Battle items,Top knot hair style for male characters,774,Customisation,0,48,#f9e440,Male
Black Top Knot Hair,Battle items,Top knot hair style for male characters,775,Customisation,0,48,#6b6b6b,Male
SSJ Gohan Hairstyle,Battle items,Super Saiyan Gohan Hairstyle,776,Customisation,0,32,#EEDA3A,Male
Mega Storage Box Bundle,General items,A special drive that grants the player access to 10 extra PC storage boxes.,777,Pokemon,,,,
Mini Storage Box Bundle,General items,A special drive that grants the player access to 5 extra PC storage boxes.,778,Pokemon,,,,
Battle Tower Token,General items,Tokens which can be exchanged for items inside battle tower.,779,,,,,
Go Goggles,Selling Items,Nifty goggles to protect eyes from desert sandstorms.,780,,,,,
Devon Scope,Selling Items,A special device made by Devon Corporation that signals the presence of any unseen Pokemon.,781,,,,,
Seafarer Pass,Selling Items,A ticket that allows the holder to travel aboard the S.S. Seafarer.,782,,,,,
1-Hour Global Drop Boost,General items,"An item, which, when applied, increases the drop rate of items from wild Pokemon by 30% for entire server. This lasts for an hour.",783,Boosts,,,,
3-Hour Global Exp Boost,General items,"An item, which, when applied, increases the experience received from wild pokemon by 10% for entire server. This lasts for 3 hours.",784,Boosts,,,,
3-Hour Global Drop Boost,General items,"An item, which, when applied, increases the drop rate of items from wild Pokemon by 30% for entire server. This lasts for 3 hours.",785,Boosts,,,,
Item Bomb,General items,A box packed by staff of PBO. It will reward a random online player with 2 random items from a selection of items chosen by PBO staff.,786,General Items,,,,
Running Shoes,General Items,Allows the player to run when equipped.,787,,,,,
Default Shiny Aura,General Items,Default aura for shiny pokemon,788,General Items,,,,
Prayer Beads,Selling Items,A string of beads used for prayers and rituals at the Amberwick Monastery. There appears to be no distinct quality to them.,789,,,,,
Sacred Medallion,Selling Items,A special medallion embossed with the insignia of the Amberwick Monastery. It appears to react when placed close to certain rocks.,790,,,,,
Rainbow Shard,Selling Items,"An intriguing shard that glows in all seven colors of the rainbow. It appears to be very valuable, and a maniac may pay a high price for it.",791,,,,,
Ghostly Seal,General items,"A small, dark piece of paper with illegible signs drawn on it. It has an eerie presence.",792,,,,,
Mystical Fire Seal,General items,"A small, red-colored piece of paper. It is surprisingly warm to the touch.",793,,,,,
Cursed Sea Seal,General items,"A small, blue-colored piece of paper. It is surprisingly wet to touch.",794,,,,,
Haunted Woods Seal,General items,"A small, green-colored piece of paper. It has the texture of wood.",795,,,,,
Starter Ticket,General items,"An ID card for new trainers, issued by the Jvaloh league.",796,,,,,
Ninja Suit Hoodie,Battle items,Hoodie for Ninja Suit,797,Customisation,0,49,,Male
Ninja Suit Torso,Battle items,Torso for Ninja Suit,798,Customisation,5,50,,Male
Ninja Suit Bottoms,Battle items,Bottoms for Nina Suit,799,Customisation,4,51,,Male
Wizard's Black Beard,Battle items,"Long beard, often grown by Wizards for Male.",800,Customisation,8,52,#6b6b6b,Male
Heavy Black Beard,Battle items,Heavy Black Beard for Male.,801,Customisation,8,53,#6b6b6b,Male
Medium Black Beard,Battle items,Medium beard for males.,802,Customisation,8,54,#6b6b6b,Male
Light Black Beard,Battle items,Light beard for males.,803,Customisation,8,55,#6b6b6b,Male
Wizard's Ginger Beard,Battle items,"Long beard, often grown by Wizards for Male.",804,Customisation,8,52,#de7f00,Male
Heavy Ginger Beard,Battle items,Heavy Black Beard for Male.,805,Customisation,8,53,#de7f00,Male
Medium Ginger Beard,Battle items,Medium beard for males.,806,Customisation,8,54,#de7f00,Male
Light Ginger Beard,Battle items,Light beard for males.,807,Customisation,8,55,#de7f00,Male
Wizard's Gray Beard,Battle items,"Long beard, often grown by Wizards for Male.",808,Customisation,8,52,#a9a9a9,Male
Heavy Gray Beard,Battle items,Heavy Black Beard for Male.,809,Customisation,8,53,#a9a9a9,Male
Medium Gray Beard,Battle items,Medium beard for males.,810,Customisation,8,54,#a9a9a9,Male
Light Gray Beard,Battle items,Light beard for males.,811,Customisation,8,55,#a9a9a9,Male
Wizard's Blonde Beard,Battle items,"Long beard, often grown by Wizards for Male.",812,Customisation,8,52,#f9e440,Male
Heavy Blonde Beard,Battle items,Heavy Black Beard for Male.,813,Customisation,8,53,#f9e440,Male
Medium Blonde Beard,Battle items,Medium beard for males.,814,Customisation,8,54,#f9e440,Male
Light Blonde Beard,Battle items,Light beard for males.,815,Customisation,8,55,#f9e440,Male
Maple Leaf Island Pass,General items,A ticket that allows the holder to travel to Maple Leaf Island.,816,,,,,
Haunted Fire Pass,General items,Haunted Fire Pass,817,,,,,
Haunted Water Pass,General items,Haunted Water Pass,818,,,,,
Haunted Grass Pass,General items,Haunted Grass Pass,819,,,,,
Flame Essene,General items,Desc for flame essence.,820,,,,,
Floral Essence,General items,Desc for floral essence.,821,,,,,
Liquid Essence,General items,Desc for liquid essence,822,,,,,
Soul Shard,Selling Items,A peculiar shard which absorbs light around itself. Its said that it holds a very high value amongst spirits.,823,,,,,
Mini Halloween Box,General items,A halloween box which when opened gived you 1 non-rare item out of a set of 10.,824,,,,,
Mega Halloween Box,General items,A halloween box which when opened gived you 2 non-rare item out of a set of 10.,825,,,,,
Mini Creepy Halloween Box,General items,A halloween box which when opened gived you 1 rare item out of a set of 10.,826,,,,,
Mega Creepy Halloween Box,General items,A halloween box which when opened gived you 2 rare item out of a set of 10.,827,,,,,
Mini Spooky Halloween Box,General items,A halloween box which when opened gived you 1 pretty rare item out of a set of 10.,828,,,,,
Mega Spooky Halloween Box,General items,A halloween box which when opened gived you 2 pretty rare item out of a set of 10.,829,,,,,
Glass Shard,Selling Items,An item which shines bright like a diamond. Some say it can be used to communicate with spirits.,830,,,,,
Fiery Witch Stick Fragment,Selling Items,A fragement which is said to be a part of a magical stick.,831,,,,,
Fiery Witch Wand,Selling Items,An item which is meant to be powerful enough to release captured souls when used by someone with pure heart.,832,,,,,
Male Skeleton Mask,Battle items,Mask for skeleton suit.                                                                                                                       ,833,Customisation,0,56,       ,Male
Male Skeleton Suit Torso,Battle items,Torso for skeleton suit.                                                                                                                      ,834,Customisation,5,57,       ,Male
Male Skeleton Suit Bottoms,Battle items,Bottoms for skeleton suit.                                                                                                                    ,835,Customisation,4,58,       ,Male
Male Pumpkin Mask 2017,Battle items,Pumpkin mask for Halloween Event 2017.                                                                                                        ,836,Customisation,0,59,       ,Male
Female Skeleton Mask,Battle items,Mask for skeleton suit.                                                                                                                       ,837,Customisation,0,60,       ,Female
Female Skeleton Suit Torso,Battle items,Torso for skeleton suit.                                                                                                                      ,838,Customisation,5,61,       ,Female
Female Skeleton Suit Bottoms,Battle items,Bottoms for skeleton suit.,839,Customisation,4,62,,Female
Female Pumpkin Mask 2017,Battle items,Pumpkin mask for Halloween Event 2017. ,840,Customisation,0,63,,Female
Witch Jacket,Battle items,Witch Costume Jacket,841,Customisation,6,64,#595959,Female
Witch Hat,Battle items,Witch Costume Hat,842,Customisation,0,65,#595959,Female
Shimigami Mask,Battle items,Mask of Shimigami Costume                                                                                                                     ,843,Customisation,0,66,       ,Male
Crew War Token,Selling Items,Token which can be exchanged for rare items.,844,,,,,
Forest Flute,Selling Items,Flute which is used to flee away angry pokemon.,845,,,,,
Wisdom Shard,Selling Items,An ancient stone which is said to be extremely rare and is dropped by some pokemon only to worthy trainers.,846,,,,,
Hydreigon Wings Male,Battle items,Male Hydreigon Wings,847,Customisation,9,67,,Male
Hydreigon Wings Female,Battle items,Female Hydreigon Wings,848,Customisation,9,67,,Female
Green Baseball Cap & Hair,Battle items,Green baseball cap with hair.,849,Customisation,0,68,#228B22,Male
Red Baseball Cap & Hair,Battle items,Red baseball cap with hair.,850,Customisation,0,68,#DC143C,Male
Yellow Baseball Cap & Hair,Battle items,Yellow baseball cap with hair,851,Customisation,0,68,#EEDA3A,Male
SSB Gohan Hairstyle,Battle items,Super Saiyan Blue Gohan Hairstyle,852,Customisation,0,32,#33ccff,Male
Shiny DNA Fragment,Selling Items,A DNA fragment of some shiny pokemon.,853,,,,,
Christmas Present,General items,A present containing an item chosen by Delibird.,854,,,,,
Cogwheel Piece,General items,A piece of Cogwheel which are generally used inside ships and cable cars.,855,,,,,
Marrow Potion,General items,A potion which can be used by human to make their bones stronger.,856,,,,,
Flash Light,General items,An item which can be useful in exploring caves.,857,,,,,
Flash Light Stash,General items,Stash of flash light,858,,,,,
Sacred Elixir,General items,A sacred elixir which can be used to heal severly ill pokemon.,859,,,,,
Prayer Book,General items,A book which contains mantra in an ancient language.,860,,,,,
CW Warp Trap,General items,An item when used activates warp traps on CW Islands for a limited time period.,861,,,,,
CW Block Trap,General items,An item when used activates block traps on CW Islands for a limited time period.,862,,,,,
CW Trap Disabler,General items,Disable all the traps on CW islands for a limited time period.,863,,,,,
CW Trap Preventor,General items,Prevents other crews from using traps on CW Islands for a limited time period.,864,,,,,
CW Battle Preventor,General items,Prevents other crews from challenging a crew on CW Islands for a limited time period.,865,,,,,
Yellow Shard Box,General items,A box containing 4 yellow shards.,866,,,,,
Red Shard Box,General items,A box containing 4 red shards.,867,,,,,
Gen VI Red Starter Box,Spawn Item,A box containing Fire starter from Generation 6.,868,,,,,
Gen VI Green Starter Box,Spawn Item,A box containing Grass starter from Generation 6.,869,,,,,
Gen VI Blue Starter Box,Spawn Item,A box containing Water starter from Generation 6.,870,,,,,
Pokemon Gamble Box,Spawn Item,A box containing a few ordinary and 1 ultra rare pokemon with equal chances of spawning one. Remember to carry a pokemon before opening one.,871,Pokemon,,,,
Pokemon Gamble Box Bundle,General items,A Bundle of 10 Gamble Box.,872,Pokemon,,,,
Lucky Ball,Pokeballs,A ball with same catch rate as ultra ball. When used makes sure that the pokemon caught is of non-neutral nature.,873,Pokemon,,,,
PBO Trade House Membership,General items,PBO Trade House membership for 7 days. Pokemon/Item added in shop will have 48 hour expiry period (double the original expiry) and have a special yellow marker. Pokemon/Item will also appear on top of search results given right search filters. It also Bumps up the weekly counter and maximum number of items/pokemon that can be placed in shop at once.,874,Boosts,,,,
PBO Trade House Membership Bundle - 1,General items,Contains 2 PBO Trade House Memberships.,875,Boosts,,,,
PBO Trade House Membership Bundle - 2,General items,Contains 3 PBO Trade House Memberships.,876,Boosts,,,,
PBO Trade House Membership Bundle - 3,General items,Contains 4 PBO Trade House Memberships.,877,Boosts,,,,
3 Day PBO Membership,General items,PBO membership for 3 days. Allows user to access ATM's all over Jvaloh Region and use Skynet Bots at 25% discount for 3 days.,878,Boosts,,,,
Egg Shard,Selling Items,A shard which is highly sought after in easter island.,879,,,,,
Basic Easter Box,General items,An easter box which when opened gives you 1 non-rare item out of a set of 10.,880,,,,,
Mega Easter Box,General items,A halloween box which when opened gives you 1 rare item out of a set of 10.,881,,,,,
Blaze Easter Box,General items,A halloween box which when opened gives you 1 pretty rare item out of a set of 10.,882,,,,,
Egg Shard Box,General items,A box of egg shards.,883,,,,,
Fairy Stone,General items,A stone which can be used to evolve Eevee to Sylveon,884,,,,,
Male Easter Hat 2018 (White-Red),Battle items,Easter egg hat for Easter Event 2018 (white-red colour).,885,Customisation,0,70,       ,Male
Female Easter Hat 2018 (White-Red),Battle items,Easter egg hat for Easter Event 2018.  (white-red colour).,886,Customisation,0,72,,Female
Male Easter Hat 2018 (Blue-Green),Battle items,Easter egg hat for Easter Event 2018 (blue-green colour).,887,Customisation,0,69,       ,Male
Female Easter Hat 2018 (Blue-Green),Battle items,Easter egg hat for Easter Event 2018.  (blue-green colour).,888,Customisation,0,71,,Female
Male Bunny Ears,Battle items,Male bunny ears,889,Customisation,1,74,,Male
Female Bunny Ears,Battle items,Female bunny ears,890,Customisation,1,73,,Female
Ranked Battle Tokens,Selling Items,Tokens earnt from ranked battle. Can be used at ranked battle shop.,891,,,,,
Female Blue Robe,Battle items,Simple Robe for female characters. Can be wore over Tops.,892,Customisation,6,75,,Female
Duck Beak (Female),Battle items,Beak of a duck.,893,Customisation,10,76,,Female
Bulma Hair,Battle items,Bulma hair.,894,Customisation,0,77,,Female
Bulma Top,Battle items,Bulma top,895,Customisation,5,78,,Female
Bulma Skirt,Battle items,Bulma skirt,896,Customisation,4,79,,Female
Cat Ears (Female),Battle items,Female dat ears,897,Customisation,1,80,,Female
Duck Beak (Male),Battle items,Beak of a duck.,898,Customisation,10,81,,Male
Furry Bear Mask,Battle items,Mask of Furry Bear Costume                                                                                                                     ,899,Customisation,0,82,       ,Male
Furry Bear Bottoms,Battle items,Bottoms of furry bear costume,900,Customisation,4,83,,Male
Furry Bear Top,Battle items,Top of furry bear costume,901,Customisation,5,84,,Male
Furry Bear Shoes,Battle items,Shoes of furry bear costume,902,Customisation,7,85,,Male
Bulma Costume Bundle,General items,"Bundle of Bulma hair, top and skirt.",903,General Items,,,,
Panda Mask,Battle items,Mask of panda costume                                                                                                                     ,904,Customisation,0,86,       ,Male
Panda Bottoms,Battle items,Bottoms of panda costume,905,Customisation,4,87,,Male
Panda Top,Battle items,Top of panda costume.,906,Customisation,5,88,,Male
Panda Shoes,Battle items,Shoes of panda costume.,907,Customisation,7,89,,Male
Panda Costume Bundle,General items,Bundle of entire panda outfit.,908,General Items,,,,
Joker Mask,Battle items,Joker mask.,909,Customisation,0,90,,Male
Hitman Hairstyle,Battle items,Hairstyle of hitman costume                                                                                                                     ,910,Customisation,0,91,       ,Male
Hitman Bottoms,Battle items,Bottoms of hitman costume,911,Customisation,4,92,,Male
Hitman Top,Battle items,Top of hitman costume.,912,Customisation,5,93,,Male
Hitman Shoes,Battle items,Shoes of hitman costume.,913,Customisation,7,94,,Male
Hitman Costume Bundle,General items,Bundle of entire hitman outfit.,914,General Items,,,,
Morigan Aensland Wings,Battle items,Wings of Morigan Aensland costume                                                                                                                     ,915,Customisation,9,95,       ,Female
Morigan Aensland Bottoms,Battle items,Bottoms of Morigan Aensland costume,916,Customisation,4,96,,Female
Morigan Aensland Top,Battle items,Top of Morigan Aensland costume.,917,Customisation,5,97,,Female
Morigan Aensland Shoes,Battle items,Shoes of Morigan Aensland costume.,918,Customisation,7,98,,Female
Morigan Aensland Costume Bundle,General items,Bundle of entire Morigan Aensland outfit.,919,General Items,,,,
Diamond,Selling Items,"Diamond gemstone, can be exchanged for rewards from gemstone maniacs.",920,,,,,
Ruby,Selling Items,"Ruby gemstone, can be exchanged for rewards from gemstone maniacs.",921,,,,,
Sapphire,Selling Items,"Sapphire gemstone, can be exchanged for rewards from gemstone maniacs.",922,,,,,
Emerald,Selling Items,"Emerald gemstone, can be exchanged for rewards from gemstone maniacs.",923,,,,,
Topaz,Selling Items,"Topaz gemstone, can be exchanged for rewards from gemstone maniacs.",924,,,,,
Gemstone Box,General items,"Box containing one of the 5 (Topaz, Emerald, Sapphire, Ruby, Diamond) gemstone in increasing order of rarity.",925,,,,,
Legendary Orb,Selling Items,Very strange and shiny lookin orb. Can be exhanged for Legendary Box from traders.,926,,,,,
PBO Anniversary Box,General items,A box which holds very rare & legendary trio pokemon boxes. The box gives 1 of these boxes as reward (Each reward has a different rarity).,927,,,,,
Grimer-Alola Box,Spawn Item,A box which spawns Grimer-Alola. The Grimer-Alola if defeated drops a Legendary Orb.,928,,,,,
Dhelmise Box,Spawn Item,A box which spawns Dhelmise. The Dhelmise if defeated drops a Legendary Orb.,929,,,,,
Litwick Box,Spawn Item,A box which spawns Litwick. The Litwick if defeated drops a Legendary Orb.,930,,,,,
Frillish Box,Spawn Item,A box which spawns Frillish. The Frillish if defeated drops a Legendary Orb.,931,,,,,
Darumaka Box,Spawn Item,A box which spawns Darumaka. The Darumaka if defeated drops a Legendary Orb.,932,,,,,
Mienfoo Box,Spawn Item,A box which spawns Mienfoo. The Mienfoo if defeated drops a Legendary Orb.,933,,,,,
Porygon Box,Spawn Item,A box which spawns Porygon. The Porygon if defeated drops a Legendary Orb.,934,,,,,
Skrelp Box,Spawn Item,A box which spawns Skrelp. The Skrelp if defeated drops a Legendary Orb.,935,,,,,
Bagon Box,Spawn Item,A box which spawns Bagon. The Bagon if defeated drops a Legendary Orb.,936,,,,,
Riolu Box,Spawn Item,A box which spawns Riolu. The Riolu if defeated drops a Legendary Orb.,937,,,,,
Raikou Box,Spawn Item,A box which spawns Raikou.,938,,,,,
Entei Box,Spawn Item,A box which spawns Entei.,939,,,,,
Suicune Box,Spawn Item,A box which spawns Suicune.,940,,,,,
PBO Anni. Tier-1 Box,General items,A box which contains 6 different tier 1 pokemon box. You have equal probability to get 1 of those. Checkout forums to find out the pokemon in tier 1 category.,941,,,,,
Cavewoman Hair,Battle items,Cavewoman hair.,942,Customisation,0,99,,Female
Cavewoman Top,Battle items,Cavewoman top,943,Customisation,5,100,,Female
Cavewoman Skirt,Battle items,Cavewoman skirt,944,Customisation,4,101,,Female
Caveman Hair,Battle items,Caveman hair.,945,Customisation,0,102,,Male
Caveman Top,Battle items,Caveman top,946,Customisation,5,103,,Male
Caveman Bottoms,Battle items,Caveman bottoms,947,Customisation,4,104,,Male
Caveman Beard,Battle items,Caveman Beard.,948,Customisation,8,105,,Male
Cavewoman Costume Bundle,Battle items,Cavewoman Costume Bundle,949,Battle items,,,,
Caveman Costume Bundle,Battle items,Caveman Costume Bundle,950,Battle items,,,,
Ramon Cave Pass,General items,A ticket which can be used to go to Ramon Cave. A cave where spawn change every 24 hours. You can only use this ticket once you have defeated Elite 4.,951,,,,,